Workbook

Sheet Liquidacion
A1: LIQUIDACION DE INTERESES MORATORIOS
A2: Capital $610.584.000 - mora del 30/07/2026 al 30/09/2026
A3: Tasa de mora maxima legal (1,5 x IBC certificado por la Superfinanciera), mes a mes
A5: DATOS DE LA OBLIGACION
A6: Capital (base de liquidacion) | B6: 610584000 | C6: Capital y fechas suministrados por el usuario. El IBC de septiembre/2026 aun no estaba certificado.
A7: Fecha inicial de mora | B7: 46233
A8: Fecha final de liquidacion | B8: 46295
A9: Total dias de mora | B9: =B8-B7
A11: Mes de vigencia | B11: Desde | C11: Hasta | D11: Dias | E11: IBC E.A. | F11: Tasa mora E.A. | G11: Tasa diaria equiv. | H11: Intereses del periodo | I11: Acto administrativo / observacion
A12: Julio 2026 | B12: 46233 | C12: 46235 | D12: =C12-B12 | E12: =Tasas!B5 | F12: =Tasas!C5 | G12: =(1+F12)^(1/365)-1 | H12: =$B$6*((1+F12)^(D12/365)-1) | I12: =Tasas!D5
A13: Agosto 2026 | B13: 46235 | C13: 46266 | D13: =C13-B13 | E13: =Tasas!B6 | F13: =Tasas!C6 | G13: =(1+F13)^(1/365)-1 | H13: =$B$6*((1+F13)^(D13/365)-1) | I13: =Tasas!D6
A14: Septiembre 2026 | B14: 46266 | C14: 46295 | D14: =C14-B14 | E14: =Tasas!B7 | F14: =Tasas!C7 | G14: =(1+F14)^(1/365)-1 | H14: =$B$6*((1+F14)^(D14/365)-1) | I14: =Tasas!D7
A15: TOTAL INTERESES DE MORA | D15: =SUM(D12:D14) | H15: =SUM(H12:H14)
A16: Capital | H16: =$B$6
A17: TOTAL A PAGAR (capital + intereses) | H17: =H15+H16
A19: - Formula de cada tramo: Capital x [ (1 + tasa mora E.A.) ^ (dias / 365) - 1 ].
A20: - Los dias se cuentan como diferencia de fechas: se cuenta el dia inicial y no el final, de modo que el cambio de mes no duplica ningun dia.
A21: - Los intereses se calculan sobre el capital insoluto; no se capitalizan (no hay anatocismo).
A22: - Celdas azules o amarillas: datos editables. Celdas verdes: traidas de la hoja Tasas.
A23: - Detalle de tasas y fuentes en la hoja Tasas; supuestos y conteo en la hoja Metodologia.

Sheet Tasas
A1: Tasas certificadas - Superintendencia Financiera de Colombia
A2: Credito de consumo y ordinario. Tasa de mora maxima legal = 1,5 x IBC (art. 884 C.Co.).
A4: Mes de vigencia | B4: IBC E.A. | C4: Tasa mora E.A. | D4: Acto administrativo / observacion
A5: Julio 2026 | B5: 0.1919 | C5: =B5*$B$1000 | D5: Resolucion 0965 de 2026 (30-jun-2026)
A6: Agosto 2026 | B6: 0.1977 | C6: =B6*$B$1000 | D6: Resolucion 1139 de 2026
A7: Septiembre 2026 | B7: 0.1977 | C7: =B7*$B$1000 | D7: PENDIENTE de certificacion - se proyecta con el IBC de agosto/2026
A9: Celdas amarillas: unicas editables.
A1000: Factor legal de mora (1,5 veces el IBC) | B1000: 1.5 | C1000: Art. 884 Codigo de Comercio / art. 305 Codigo Penal (usura).

Sheet Metodologia
A1: Metodologia de la liquidacion
A3: 1. Obligacion liquidada
A4: Capital: 610.584.000 pesos.
A5: Periodo de mora: 30/07/2026 a 30/09/2026 (62 dias).
A6: Capital y fechas suministrados por el usuario. El IBC de septiembre/2026 aun no estaba certificado.
A8: 2. Tasa aplicada
A9: Se aplica, mes a mes, la tasa de mora maxima legal: 1,5 veces el Interes Bancario
A10: Corriente para credito de consumo y ordinario certificado por la Superintendencia
A11: Financiera de Colombia para cada mes de vigencia (art. 884 del Codigo de Comercio).
A12: Esa tasa coincide con la tasa de usura certificada para la misma modalidad, de modo
A13: que la liquidacion no excede el limite del art. 305 del Codigo Penal.
A15: 3. Conteo de dias
... A35: titulo pacto una tasa inferior, debe reemplazarse en la hoja Tasas.
