Workbook

Sheet ap
A1: Wavelength (nm) | B1: E3 | C1: E2 | D1: E1 | E1: E4 | F1: E5 | G1: E24 | H1: E25 | I1: E27 | J1: E31 | K1: E12 | L1: E13 | M1: E14 | N1: E10 | O1: E9 | P1: E7
A2: 800 | B2: 0.0012926528 | C2: 0.0027633328 | D2: 0.00083289857 | E2: 0.011713554 | F2: 0.001850111 | G2: 0.0015318115 | H2: 0.00011334998 | I2: 9.5342121e-05 | J2: 0.00021880886 | K2: 0.00065913966 | L2: 0.00066845384 | M2: 0.0028736723 | N2: 0.0005846514 | O2: 0.0035298973 | P2: 0.0050038583
A3: 799 | B3: 0.0007869255 | C3: 0.0015962479 | D3: 0.0011043723 | E3: 0.0092330957 | F3: 0.00086053085 | G3: 0.00026016655 | H3: 2.8730361e-05 | I3: 0.00026410153 | J3: #NUM! | K3: 0.00063048936 | L3: 0.00022814879 | M3: 0.0021526351 | N3: 0.00068963604 | O3: 0.0032033389 | P3: 0.0035124574
A4: 798 | B4: 0.0010914168 | C4: 0.0014738255 | D4: 0.00030067458 | E4: 0.0089652339 | F4: 0.0023111103 | G4: 0.0005044729 | H4: #NUM! | I4: 0.00010909688 | J4: #NUM! | K4: 3.7935209e-05 | L4: 0.00047912402 | M4: 0.0023604034 | N4: 0.00025427208 | O4: 0.0035704831 | P4: 0.0028435966
A5: 797 | B5: 0.0015237418 | C5: 0.0022824583 | D5: 0.00038178006 | E5: 0.011644355 | F5: 0.00079162483 | G5: 0.0011634305 | H5: #NUM! | I5: #NUM! | J5: #NUM! | K5: #NUM! | L5: 0.00064168036 | M5: 0.0022937557 | N5: 0.00089748527 | O5: 0.0030507615 | P5: 0.0059670444
A6: 796 | B6: 0.0012226619 | C6: 0.0015726285 | D6: 0.00023886329 | E6: 0.012131227 | F6: 0.0019533975 | G6: 0.00027033733 | H6: #NUM! | I6: #NUM! | J6: #NUM! | K6: #NUM! | L6: #NUM! | M6: 0.0024480711 | N6: 1.772258e-06 | O6: 0.0024454894 | P6: 0.0041568834
A7: 795 | B7: 0.00092612788 | C7: 0.0012753653 | D7: 9.4489993e-05 | E7: 0.013217166 | F7: 0.0026349099 | G7: 5.2414684e-05 | H7: #NUM! | I7: #NUM! | J7: #NUM! | K7: #NUM! | L7: 3.8097533e-05 | M7: 0.0020197177 | N7: #NUM! | O7: 0.0026853432 | P7: 0.0030482336
A8: 794 | B8: 0.00022796066 | C8: 0.0012408187 | D8: #NUM! | E8: 0.010538254 | F8: #NUM! | G8: #NUM! | H8: #NUM! | I8: #NUM! | J8: #NUM! | K8: #NUM! | L8: 5.0129864e-05 | M8: 0.0017240083 | N8: #NUM! | O8: 0.0030336578 | P8: 0.00261405
A9: 793 | B9: 0.00013943685 | C9: 0.00013968994 | D9: #NUM! | E9: 0.0072585872 | F9: 4.9461543e-05 | G9: #NUM! | H9: #NUM! | I9: #NUM! | J9: #NUM! | K9: #NUM! | L9: #NUM! | M9: 0.0013516794 | N9: #NUM! | O9: 0.0026038759 | P9: 0.0022363759
A10: 792 | B10: 0.00013211138 | C10: 0.00027662238 | D10: #NUM! | E10: 0.0085169667 | F10: 0.00013305326 | G10: #NUM! | H10: #NUM! | I10: #NUM! | J10: #NUM! | K10: #NUM! | L10: #NUM! | M10: 0.00040005916 | N10: #NUM! | O10: 0.0019544742 | P10: 0.0028079298
A11: 791 | B11: #NUM! | C11: 0.00031653386 | D11: #NUM! | E11: 0.011186765 | F11: #NUM! | G11: #NUM! | H11: #NUM! | I11: #NUM! | J11: #NUM! | K11: #NUM! | L11: #NUM! | M11: 0.0013243648 | N11: #NUM! | O11: 0.0020633321 | P11: 0.0025976989
A12: 790 | B12: #NUM! | C12: #NUM! | D12: #NUM! | E12: 0.0093274291 | F12: #NUM! | G12: #NUM! | H12: #NUM! | I12: #NUM! | J12: #NUM! | K12: #NUM! | L12: #NUM! | M12: 0.00057427612 | N12: #NUM! | O12: 0.0019312188 | P12: 0.0015882634
A13: 789 | B13: 0.0026815944 | C13: 0.0018914192 | D13: 0.0017855682 | E13: 0.013924659 | F13: 0.0031554006 | G13: 0.0018000107 | H13: 0.0016760131 | I13: 0.00052420122 | J13: 0.0014878007 | K13: 0.0019516057 | L13: 0.0012294032 | M13: 0.0029501511 | N13: 0.00078626347 | O13: 0.00423944 | P13: 0.0055852972
A14: 788 | B14: 0.0020409046 | C14: 0.0032171897 | D14: 0.0024033375 | E14: 0.017468929 | F14: 0.0020729829 | G14: 0.0025447913 | H14: 0.0014765561 | I14: 0.0010513169 | J14: 0.0016171604 | K14: 0.0010247518 | L14: 0.0015536585 | M14: 0.0040311714 | N14: 0.0018156627 | O14: 0.0046418807 | P14: 0.0072182772
A15: 787 | B15: 0.0040699869 | C15: 0.0056140093 | D15: 0.0042150754 | E15: 0.019949286 | F15: 0.0066200773 | G15: 0.0043629861 | H15: 0.00078942894 | I15: 0.00091040775 | J15: 0.0024902565 | K15: 0.0031856522 | L15: 0.0042844228 | M15: 0.0056761891 | N15: 0.0035465555 | O15: 0.0066823102 | P15: 0.0086173788
A16: 786 | B16: 0.0039597142 | C16: 0.0056767427 | D16: 0.0033105287 | E16: 0.022208361 | F16: 0.0070163035 | G16: 0.0036321626 | H16: 0.0007226835 | I16: #NUM! | J16: 0.001205368 | K16: 0.00089890163 | L16: 0.0043226853 | M16: 0.0063263798 | N16: 0.0036978542 | O16: 0.0069681001 | P16: 0.0080705666
A17: 785 | B17: 0.0057151947 | C17: 0.0057416935 | D17: 0.0044512382 | E17: 0.023347431 | F17: 0.0089088074 | G17: 0.0022575424 | H17: 0.0008244116 | I17: #NUM! | J17: 0.00021373409 | K17: 0.00054505423 | L17: 0.0045398005 | M17: 0.0050948115 | N17: 0.0035994436 | O17: 0.0061067395 | P17: 0.011030898
A18: 784 | B18: 0.0024061664 | C18: 0.0031181146 | D18: 0.00040815784 | E18: 0.016353327 | F18: 0.0059137944 | G18: 0.00022206448 | H18: #NUM! | I18: #NUM! | J18: #NUM! | K18: #NUM! | L18: 0.0017820449 | M18: 0.0032432704 | N18: 0.00034673865 | O18: 0.005611465 | P18: 0.0055399879
A19: 783 | B19: 0.0029495281 | C19: 0.0055381109 | D19: 0.001250634 | E19: 0.020140905 | F19: 0.0041990191 | G19: 0.00071193051 | H19: 2.4893869e-05 | I19: #NUM! | J19: #NUM! | K19: 8.8856213e-08 | L19: 0.0010126152 | M19: 0.0034502639 | N19: 0.001574086 | O19: 0.0068005712 | P19: 0.0065459041
A20: 782 | B20: 0.0016801091 | C20: 0.0037399696 | D20: 0.00082741028 | E20: 0.020877272 | F20: 0.0031003316 | G20: 0.00097309759 | H20: #NUM! | I20: #NUM! | J20: 0.00041993489 | K20: 0.00013068588 | L20: 0.00097893823 | M20: 0.0051825482 | N20: 0.0009585707 | O20: 0.0064634759 | P20: 0.007211187
A21: 781 | B21: 0.001926024 | C21: 0.002946388 | D21: 0.0010744446 | E21: 0.019804808 | F21: 0.0036631271 | G21: 0.00082334111 | H21: #NUM! | I21: #NUM! | J21: 0.00023289692 | K21: 1.5635225e-05 | L21: 0.00064150181 | M21: 0.0051046682 | N21: 0.00079600089 | O21: 0.0057123239 | P21: 0.0066522485
A22: 780 | B22: 0.0012756958 | C22: 0.0036045629 | D22: 0.00107805 | E22: 0.023332465 | F22: 0.0028421622 | G22: 4.7607177e-05 | H22: #NUM! | I22: #NUM! | J22: #NUM! | K22: 0.00030850967 | L22: 0.0011854392 | M22: 0.0044192519 | N22: 0.0011776621 | O22: 0.0057932912 | P22: 0.0083744351
A23: 779 | B23: 0.0025668508 | C23: 0.0036145101 | D23: 0.00080516093 | E23: 0.026238357 | F23: 0.0050403888 | G23: 0.0011609866 | H23: #NUM! | I23: #NUM! | J23: 0.00065372878 | K23: 0.00032984706 | L23: 0.00097756489 | M23: 0.0050326643 | N23: 0.0006996466 | O23: 0.006274826 | P23: 0.0098685656
A24: 778 | B24: 0.0025974122 | C24: 0.0040159168 | D24: 0.00084522874 | E24: 0.026817338 | F24: 0.0058626663 | G24: 0.0011335611 | H24: 0.00018230877 | I24: #NUM! | J24: #NUM! | K24: 0.0001138928 | L24: 0.0013618694 | M24: 0.0044490255 | N24: 0.0014939851 | O24: 0.0067550092 | P24: 0.0083821934
A25: 777 | B25: 0.0038843612 | C25: 0.0064461083 | D25: 0.0019487372 | E25: 0.028307234 | F25: 0.0067235452 | G25: 0.0011561006 | H25: 0.00066771069 | I25: 0.00072417077 | J25: 0.00036992304 | K25: 0.0011971794 | L25: 0.0014483017 | M25: 0.0062397052 | N25: 0.0022843769 | O25: 0.0075136511 | P25: 0.010226432
A26: 776 | B26: 0.0029327202 | C26: 0.0038995205 | D26: 0.0007477207 | E26: 0.027071049 | F26: 0.0042141986 | G26: 0.0011544724 | H26: 1.8262892e-05 | I26: #NUM! | J26: 0.00028193708 | K26: 0.00010925831 | L26: 0.001160127 | M26: 0.0061618052 | N26: 0.0011754148 | O26: 0.0071165135 | P26: 0.010702874
A27: 775 | B27: 0.0027356378 | C27: 0.0055043367 | D27: 0.0010718415 | E27: 0.027275868 | F27: 0.0046455044 | G27: 0.00064726943 | H27: #NUM! | I27: 1.2967663e-06 | J27: 0.00019466438 | K27: 0.00020034357 | L27: 0.0016456382 | M27: 0.0061066704 | N27: 0.0019098593 | O27: 0.0066945639 | P27: 0.0087241966
A28: 774 | B28: 0.0040906628 | C28: 0.0053297202 | D28: 0.00087804651 | E28: 0.0294046 | F28: 0.0056142397 | G28: 0.0013196643 | H28: 1.9585893e-05 | I28: 8.2009099e-05 | J28: 0.00056096555 | K28: 0.00053540723 | L28: 0.0014843136 | M28: 0.0069312589 | N28: 0.0013277855 | O28: 0.0088076104 | P28: 0.011322388
A29: 773 | B29: 0.002945731 | C29: 0.0041247336 | D29: 0.00037429314 | E29: 0.026567817 | F29: 0.004420534 | G29: 0.00054780022 | H29: #NUM! | I29: #NUM! | J29: #NUM! | K29: 5.201226e-05 | L29: 0.00051106367 | M29: 0.0051280616 | N29: 0.00083085709 | O29: 0.0075286779 | P29: 0.0088339182
A30: 772 | B30: 0.0049364835 | C30: 0.0055514275 | D30: 0.00093030066 | E30: 0.027452964 | F30: 0.0054473502 | G30: 0.00057891836 | H30: #NUM! | I30: #NUM! | J30: 3.5440792e-05 | K30: 0.00024183073 | L30: 0.00060594909 | M30: 0.0051035411 | N30: 0.00078888199 | O30: 0.0084165493 | P30: 0.010287697
A31: 771 | B31: 0.0041061136 | C31: 0.0047344518 | D31: 0.00046336648 | E31: 0.028192804 | F31: 0.0053320667 | G31: 0.00060475157 | H31: #NUM! | I31: #NUM! | J31: 1.3982174e-05 | K31: 0.00025549288 | L31: 0.0011030137 | M31: 0.0062968691 | N31: 0.00056352851 | O31: 0.0072507003 | P31: 0.010145466
A32: 770 | B32: 0.0040316056 | C32: 0.0041500337 | D32: 7.9483098e-05 | E32: 0.026439584 | F32: 0.0047021286 | G32: 0.00079155104 | H32: #NUM! | I32: #NUM! | J32: #NUM! | K32: #NUM! | L32: 0.00036608756 | M32: 0.005597596 | N32: 0.00075943411 | O32: 0.0064878105 | P32: 0.011051043
A33: 769 | B33: 0.0030910329 | C33: 0.0029175793 | D33: 1.3024308e-05 | E33: 0.025928756 | F33: 0.0022213077 | G33: 4.2015889e-05 | H33: #NUM! | I33: #NUM! | J33: #NUM! | K33: #NUM! | L33: 0.00017664124 | M33: 0.0051497843 | N33: 0.00046556858 | O33: 0.0051622725 | P33: 0.0083649563
A34: 768 | B34: 0.0038783119 | C34: 0.0056033972 | D34: 0.00077707078 | E34: 0.033538983 | F34: 0.0051062003 | G34: 0.00089580277 | H34: 0.00047876878 | I34: 0.00057940164 | J34: 0.0007646823 | K34: 0.00052819756 | L34: 0.00074906306 | M34: 0.006498728 | N34: 0.00080257035 | O34: 0.0085330175 | P34: 0.012162241
A35: 767 | B35: 0.0028576218 | C35: 0.0031727025 | D35: 0.00048059124 | E35: 0.029912283 | F35: 0.0024690153 | G35: 0.00079229975 | H35: 6.3144479e-05 | I35: #NUM! | J35: 0.00015893685 | K35: 0.00071048395 | L35: 4.0035512e-05 | M35: 0.0043938826 | N35: 0.00011470689 | O35: 0.0067151977 | P35: 0.0099673912
A36: 766 | B36: 0.0067905146 | C36: 0.008541201 | D36: 0.0046095863 | E36: 0.041306599 | F36: 0.010521073 | G36: 0.0047154882 | H36: 0.0023776031 | I36: 0.0022900523 | J36: 0.0038093217 | K36: 0.0036102388 | L36: 0.0044857833 | M36: 0.0089016103 | N36: 0.0043904255 | O36: 0.01201171 | P36: 0.015165905
A37: 765 | B37: 0.0039892489 | C37: 0.0059839977 | D37: 0.0034275529 | E37: 0.035675179 | F37: 0.0072317213 | G37: 0.0036585919 | H37: 0.00033659822 | I37: 0.0011098619 | J37: 0.0010408124 | K37: 0.0012068257 | L37: 0.0032563738 | M37: 0.0075565286 | N37: 0.0032921477 | O37: 0.0096218703 | P37: 0.012807482
A38: 764 | B38: 0.0071405022 | C38: 0.0087489415 | D38: 0.0051992572 | E38: 0.042751877 | F38: 0.010920125 | G38: 0.0059170526 | H38: #NUM! | I38: 0.0013101958 | J38: 0.0031533961 | K38: 0.0036136333 | L38: 0.0051453675 | M38: 0.0093546324 | N38: 0.0056014233 | O38: 0.012097737 | P38: 0.015083994
A39: 763 | B39: 0.0061042807 | C39: 0.008651332 | D39: 0.0034446008 | E39: 0.042703065 | F39: 0.012891062 | G39: 0.0021613978 | H39: #NUM! | I39: #NUM! | J39: 0.00011744474 | K39: 0.00089447435 | L39: 0.0037375473 | M39: 0.0080296654 | N39: 0.005081668 | O39: 0.010343872 | P39: 0.016034005
A40: 762 | B40: 0.0039556641 | C40: 0.0069277798 | D40: 0.0014024443 | E40: 0.035306486 | F40: 0.0064007858 | G40: 0.00041537588 | H40: #NUM! | I40: #NUM! | J40: #NUM! | K40: #NUM! | L40: 0.0020596638 | M40: 0.0072868478 | N40: 0.0024060162 | O40: 0.010686415 | P40: 0.011970849
A41: 761 | B41: 0.0056913774 | C41: 0.0091158533 | D41: 0.0021603542 | E41: 0.043168903 | F41: 0.0089474901 | G41: 0.002226958 | H41: 0.00026482326 | I41: 1.7780113e-05 | J41: 0.00035728586 | K41: 0.0013278592 | L41: 0.0026034176 | M41: 0.010065455 | N41: 0.0025878616 | O41: 0.012528162 | P41: 0.015458036
A42: 760 | B42: 0.0045044649 | C42: 0.0081134451 | D42: 0.0015198165 | E42: 0.044027706 | F42: 0.006677456 | G42: 0.0028408182 | H42: #NUM! | I42: #NUM! | J42: 0.00061962281 | K42: 0.00059736219 | L42: 0.0019757567 | M42: 0.0086260535 | N42: 0.0021753515 | O42: 0.01076928 | P42: 0.015585795
A43: 759 | B43: 0.0048277446 | C43: 0.0092176335 | D43: 0.0025909652 | E43: 0.046130758 | F43: 0.0080254287 | G43: 0.0020173196 | H43: #NUM! | I43: 5.1667984e-05 | J43: 0.00084379772 | K43: 0.0002518431 | L43: 0.0021478204 | M43: 0.0098414499 | N43: 0.0022144557 | O43: 0.012403479 | P43: 0.015409755
A44: 758 | B44: 0.0055081613 | C44: 0.0087048183 | D44: 0.0019154911 | E44: 0.043308381 | F44: 0.008675176 | G44: 0.0016470053 | H44: 0.00021017867 | I44: #NUM! | J44: 8.4437674e-05 | K44: 0.00072001023 | L44: 0.0018589131 | M44: 0.0088551807 | N44: 0.0020529603 | O44: 0.012180491 | P44: 0.016235982
A45: 757 | B45: 0.0058891478 | C45: 0.0091291819 | D45: 0.0024891803 | E45: 0.04917598 | F45: 0.0089538458 | G45: 0.0028792787 | H45: 1.6880023e-05 | I45: #NUM! | J45: 0.00067897851 | K45: 0.0013125667 | L45: 0.002209305 | M45: 0.010040293 | N45: 0.003077231 | O45: 0.012214582 | P45: 0.017023688
A46: 756 | B46: 0.0047024114 | C46: 0.0075982561 | D46: 0.0016491007 | E46: 0.046198609 | F46: 0.0089163096 | G46: 0.002384118 | H46: #NUM! | I46: #NUM! | J46: 0.00024268347 | K46: 0.00060865566 | L46: 0.0014397556 | M46: 0.0096049683 | N46: 0.0022153946 | O46: 0.011956696 | P46: 0.017042316
A47: 755 | B47: 0.0053692192 | C47: 0.0089190989 | D47: 0.0016724512 | E47: 0.047685122 | F47: 0.0095766578 | G47: 0.0021772807 | H47: #NUM! | I47: #NUM! | J47: 0.00025416281 | K47: 0.00084096925 | L47: 0.0021868185 | M47: 0.0092669094 | N47: 0.0036818488 | O47: 0.013360476 | P47: 0.015471837
A48: 754 | B48: 0.0059008266 | C48: 0.0076484154 | D48: 0.0019307324 | E48: 0.047717623 | F48: 0.0078700789 | G48: 0.0024597257 | H48: #NUM! | I48: #NUM! | J48: 0.00016382899 | K48: 0.001146768 | L48: 0.0014431729 | M48: 0.0094003336 | N48: 0.0017923332 | O48: 0.012786956 | P48: 0.017081597
A49: 753 | B49: 0.0060715391 | C49: 0.0082320297 | D49: 0.0012919793 | E49: 0.047390325 | F49: 0.0070974671 | G49: 0.0019006098 | H49: #NUM! | I49: #NUM! | J49: 0.00041098939 | K49: 0.00029215076 | L49: 0.0024902049 | M49: 0.010285301 | N49: 0.0024220355 | O49: 0.012882447 | P49: 0.016596019
A50: 752 | B50: 0.0063092336 | C50: 0.0076971773 | D50: 0.0014585166 | E50: 0.046502542 | F50: 0.007433021 | G50: 0.0014351063 | H50: #NUM! | I50: #NUM! | J50: 5.0449584e-06 | K50: 0.00048253521 | L50: 0.001661264 | M50: 0.00907475 | N50: 0.0026321266 | O50: 0.012969799 | P50: 0.017527144
A51: 751 | B51: 0.0052369049 | C51: 0.0070031604 | D51: 0.00082363012 | E51: 0.046276414 | F51: 0.0040061795 | G51: 0.001370147 | H51: #NUM! | I51: #NUM! | J51: #NUM! | K51: #NUM! | L51: 0.0016291679 | M51: 0.0085187592 | N51: 0.0010437454 | O51: 0.012115776 | P51: 0.01628432
A52: 750 | B52: 0.0050420875 | C52: 0.00678398 | D52: 0.00011321034 | E52: 0.04556317 | F52: 0.0043854163 | G52: 0.00070626188 | H52: #NUM! | I52: #NUM! | J52: #NUM! | K52: #NUM! | L52: 0.00063685414 | M52: 0.0081477548 | N52: 0.0009844271 | O52: 0.010617909 | P52: 0.015249387
A53: 749 | B53: 0.0049443794 | C53: 0.0068740461 | D53: 0.0013017875 | E53: 0.04692812 | F53: 0.0061213946 | G53: 0.0018605425 | H53: 1.145659e-05 | I53: 1.0509698e-05 | J53: 0.00029469808 | K53: 0.0006312017 | L53: 0.0011915814 | M53: 0.0091207874 | N53: 0.0011950574 | O53: 0.01139014 | P53: 0.015379229
A54: 748 | B54: 0.0085486847 | C54: 0.010403329 | D54: 0.0043209857 | E54: 0.057186356 | F54: 0.011086949 | G54: 0.0053953466 | H54: 0.0017545477 | I54: 0.0020911173 | J54: 0.0030558795 | K54: 0.0030831207 | L54: 0.0046664816 | M54: 0.012095955 | N54: 0.0051129278 | O54: 0.015713154 | P54: 0.022835437
A55: 747 | B55: 0.0090986329 | C55: 0.012680026 | D55: 0.0067002036 | E55: 0.061767432 | F55: 0.014523943 | G55: 0.0067655952 | H55: 0.0017500902 | I55: 0.00019988196 | J55: 0.0024053605 | K55: 0.0044798463 | L55: 0.0065443081 | M55: 0.014396253 | N55: 0.0061900933 | O55: 0.017008402 | P55: 0.023398427
A56: 746 | B56: 0.0094598101 | C56: 0.01288297 | D56: 0.0060905904 | E56: 0.05920672 | F56: 0.013394414 | G56: 0.0057517161 | H56: #NUM! | I56: #NUM! | J56: #NUM! | K56: 0.00094168043 | L56: 0.0050805544 | M56: 0.01290445 | N56: 0.0057866546 | O56: 0.016674733 | P56: 0.02168831
A57: 745 | B57: 0.0061577703 | C57: 0.0098934937 | D57: 0.003077934 | E57: 0.05427456 | F57: 0.0099688815 | G57: 0.0026139281 | H57: #NUM! | I57: #NUM! | J57: #NUM! | K57: #NUM! | L57: 0.001205939 | M57: 0.01034511 | N57: 0.0043498562 | O57: 0.016648087 | P57: 0.020903276
A58: 744 | B58: 0.0069841865 | C58: 0.010757355 | D58: 0.002695349 | E58: 0.060298504 | F58: 0.010618133 | G58: 0.0031493416 | H58: #NUM! | I58: #NUM! | J58: 0.00066272267 | K58: 0.00052768356 | L58: 0.002521301 | M58: 0.012455433 | N58: 0.0033688565 | O58: 0.016012144 | P58: 0.021982793
A59: 743 | B59: 0.0078356474 | C59: 0.011702603 | D59: 0.002691186 | E59: 0.058560907 | F59: 0.012010517 | G59: 0.0035804722 | H59: #NUM! | I59: 0.00015013186 | J59: 0.00035069101 | K59: 0.0010597614 | L59: 0.0029163046 | M59: 0.013074849 | N59: 0.0040267077 | O59: 0.016035305 | P59: 0.022145818
A60: 742 | B60: 0.0079103078 | C60: 0.012052397 | D60: 0.0033991808 | E60: 0.061421935 | F60: 0.011304764 | G60: 0.0040471132 | H60: 2.1200153e-06 | I60: 1.9178676e-05 | J60: 0.00076802933 | K60: 0.00096880844 | L60: 0.0039078285 | M60: 0.013460288 | N60: 0.0048136463 | O60: 0.017656009 | P60: 0.024710675
A61: 741 | B61: 0.0064759928 | C61: 0.010981318 | D61: 0.0025168958 | E61: 0.058962176 | F61: 0.0095373917 | G61: 0.0028636328 | H61: #NUM! | I61: #NUM! | J61: 8.6748541e-06 | K61: 0.00044439225 | L61: 0.0021571482 | M61: 0.012033379 | N61: 0.0036923424 | O61: 0.017000336 | P61: 0.022265861
A62: 740 | B62: 0.0078588348 | C62: 0.013170746 | D62: 0.002997224 | E62: 0.06349858 | F62: 0.0093019571 | G62: 0.0034607549 | H62: #NUM! | I62: #NUM! | J62: 0.00087334899 | K62: 0.0015113018 | L62: 0.0029920242 | M62: 0.013548133 | N62: 0.0043498551 | O62: 0.018064779 | P62: 0.02388739
A63: 739 | B63: 0.0086573866 | C63: 0.012193024 | D63: 0.0034438268 | E63: 0.06780545 | F63: 0.011065765 | G63: 0.0043681583 | H63: #NUM! | I63: 4.845672e-06 | J63: 0.0007452196 | K63: 0.001364257 | L63: 0.0033498459 | M63: 0.014148206 | N63: 0.0044157893 | O63: 0.01768226 | P63: 0.024784977
A64: 738 | B64: 0.0091830726 | C64: 0.013186845 | D64: 0.0029334469 | E64: 0.064497578 | F64: 0.011642086 | G64: 0.0036635685 | H64: #NUM! | I64: #NUM! | J64: 0.00073783408 | K64: 0.00097566502 | L64: 0.003205912 | M64: 0.014480441 | N64: 0.0043096406 | O64: 0.018813779 | P64: 0.024303983
A65: 737 | B65: 0.0083437717 | C65: 0.011370266 | D65: 0.0018196582 | E65: 0.064150561 | F65: 0.0090278638 | G65: 0.0031539035 | H65: #NUM! | I65: #NUM! | J65: 5.4282286e-05 | K65: 0.00044918422 | L65: 0.0020453564 | M65: 0.012463993 | N65: 0.0032770567 | O65: 0.016679479 | P65: 0.022722769
A66: 736 | B66: 0.0071605898 | C66: 0.011514328 | D66: 0.0012110239 | E66: 0.064221712 | F66: 0.0079837137 | G66: 0.0028499885 | H66: #NUM! | I66: #NUM! | J66: #NUM! | K66: 0.00028269937 | L66: 0.0012658193 | M66: 0.012766212 | N66: 0.0028330763 | O66: 0.017535588 | P66: 0.024622778
A67: 735 | B67: 0.0075145924 | C67: 0.0096784905 | D67: 0.0015401558 | E67: 0.06464986 | F67: 0.0065331378 | G67: 0.0020548652 | H67: #NUM! | I67: #NUM! | J67: 7.8970598e-05 | K67: 0.00016251663 | L67: 0.0011139017 | M67: 0.012206659 | N67: 0.0028467028 | O67: 0.015898252 | P67: 0.022093046
A68: 734 | B68: 0.009753132 | C68: 0.014396517 | D68: 0.0042253422 | E68: 0.071544078 | F68: 0.011771977 | G68: 0.005229106 | H68: 0.0014250142 | I68: 0.0010284514 | J68: 0.0026338945 | K68: 0.0032075184 | L68: 0.0035429247 | M68: 0.015622678 | N68: 0.0052792123 | O68: 0.019501335 | P68: 0.026334845
A69: 733 | B69: 0.012089528 | C69: 0.016092243 | D69: 0.0061509744 | E69: 0.07717215 | F69: 0.016418811 | G69: 0.006930827 | H69: 0.0012465232 | I69: 0.00018327297 | J69: 0.0026338945 | K69: 0.004183109 | L69: 0.0063090682 | M69: 0.016741849 | N69: 0.0075001875 | O69: 0.021171259 | P69: 0.030795848
A70: 732 | B70: 0.011235928 | C70: 0.015128944 | D70: 0.006197082 | E70: 0.075570173 | F70: 0.014249605 | G70: 0.0070122595 | H70: 2.9365746e-05 | I70: #NUM! | J70: 0.0029432986 | K70: 0.0012781441 | L70: 0.0059321245 | M70: 0.017005381 | N70: 0.0078863251 | O70: 0.021116651 | P70: 0.029142007
A71: 731 | B71: 0.012940418 | C71: 0.018135582 | D71: 0.0068233365 | E71: 0.082510879 | F71: 0.01948865 | G71: 0.0070817928 | H71: #NUM! | I71: #NUM! | J71: 0.0005484915 | K71: 0.0033081122 | L71: 0.0075498839 | M71: 0.018604035 | N71: 0.0091103332 | O71: 0.022941784 | P71: 0.032383594
A72: 730 | B72: 0.010740663 | C72: 0.016157815 | D72: 0.0037161822 | E72: 0.077049019 | F72: 0.011664123 | G72: 0.0039856364 | H72: #NUM! | I72: #NUM! | J72: #NUM! | K72: 0.00045946692 | L72: 0.00445705 | M72: 0.015711629 | N72: 0.006233323 | O72: 0.021336421 | P72: 0.028538079
A73: 729 | B73: 0.0095176162 | C73: 0.015524421 | D73: 0.0029329477 | E73: 0.07925894 | F73: 0.014434079 | G73: 0.0045747592 | H73: 3.286886e-05 | I73: #NUM! | J73: 0.00046928307 | K73: 0.0012267863 | L73: 0.00290908 | M73: 0.015799606 | N73: 0.0057776801 | O73: 0.021664877 | P73: 0.030286695
A74: 728 | B74: 0.0099580241 | C74: 0.015579632 | D74: 0.0037101388 | E74: 0.079492794 | F74: 0.015168045 | G74: 0.0044598435 | H74: #NUM! | I74: #NUM! | J74: 0.00037627646 | K74: 0.0010996537 | L74: 0.0033632087 | M74: 0.016266873 | N74: 0.0059003996 | O74: 0.020614347 | P74: 0.030543326
A75: 727 | B75: 0.010907976 | C75: 0.015635742 | D75: 0.0036663264 | E75: 0.081257609 | F75: 0.01507279 | G75: 0.0042869204 | H75: #NUM! | I75: #NUM! | J75: 0.0004308872 | K75: 0.0015087128 | L75: 0.0028601047 | M75: 0.017648898 | N75: 0.0054463654 | O75: 0.022382286 | P75: 0.033231446
A76: 726 | B76: 0.011007044 | C76: 0.016192351 | D76: 0.0052731921 | E76: 0.08364296 | F76: 0.013687275 | G76: 0.0045764088 | H76: 7.7566319e-06 | I76: #NUM! | J76: 0.00073101742 | K76: 0.0012559299 | L76: 0.0039514546 | M76: 0.018385569 | N76: 0.0061384224 | O76: 0.02262789 | P76: 0.034641759
A77: 725 | B77: 0.01105194 | C77: 0.017528325 | D77: 0.0046923911 | E77: 0.08119955 | F77: 0.014209318 | G77: 0.0050036363 | H77: #NUM! | I77: #NUM! | J77: 0.00071614139 | K77: 0.0014659218 | L77: 0.0037770602 | M77: 0.018173621 | N77: 0.0064225892 | O77: 0.023197735 | P77: 0.03515776
A78: 724 | B78: 0.010628837 | C78: 0.016859835 | D78: 0.0043177278 | E78: 0.084489276 | F78: 0.014079685 | G78: 0.0050853994 | H78: #NUM! | I78: #NUM! | J78: 0.00015578181 | K78: 0.0013117304 | L78: 0.0035645246 | M78: 0.018060608 | N78: 0.0059594932 | O78: 0.023004048 | P78: 0.034795324
A79: 723 | B79: 0.011314879 | C79: 0.018887441 | D79: 0.0048419705 | E79: 0.087207647 | F79: 0.013587812 | G79: 0.0056769306 | H79: 0.00040915159 | I79: 3.2226407e-05 | J79: 0.00073709619 | K79: 0.0013879334 | L79: 0.0042635582 | M79: 0.018699438 | N79: 0.0065029789 | O79: 0.024379164 | P79: 0.035634
A80: 722 | B80: 0.012871838 | C80: 0.0201899 | D80: 0.0057247029 | E80: 0.090021318 | F80: 0.015766518 | G80: 0.00526822 | H80: 8.8612519e-06 | I80: #NUM! | J80: 0.00084645859 | K80: 0.0016023034 | L80: 0.0047780883 | M80: 0.020485851 | N80: 0.0065490562 | O80: 0.025519557 | P80: 0.034765306
A81: 721 | B81: 0.012979051 | C81: 0.019790175 | D81: 0.0053024323 | E81: 0.089329453 | F81: 0.016094896 | G81: 0.0063427908 | H81: 0.00020445183 | I81: 2.4369024e-06 | J81: 0.00099017775 | K81: 0.0020874875 | L81: 0.0051846261 | M81: 0.020305004 | N81: 0.006119949 | O81: 0.026729503 | P81: 0.036994679
A82: 720 | B82: 0.013633973 | C82: 0.0198642 | D82: 0.0051673172 | E82: 0.091364339 | F82: 0.016886733 | G82: 0.005950243 | H82: 0.00020807923 | I82: #NUM! | J82: 0.0012354309 | K82: 0.0017998075 | L82: 0.0056083354 | M82: 0.021953228 | N82: 0.0075400511 | O82: 0.026840876 | P82: 0.039152368
A83: 719 | B83: 0.014194762 | C83: 0.020266968 | D83: 0.0050335345 | E83: 0.093124463 | F83: 0.017642537 | G83: 0.005741597 | H83: 2.9165002e-06 | I83: 0.00011507787 | J83: 0.0013257418 | K83: 0.0023910587 | L83: 0.0047002071 | M83: 0.021799031 | N83: 0.0073998138 | O83: 0.026218896 | P83: 0.038168665
A84: 718 | B84: 0.015150198 | C84: 0.022547043 | D84: 0.008684904 | E84: 0.095455174 | F84: 0.020900427 | G84: 0.0081710327 | H84: #NUM! | I84: #NUM! | J84: 0.00055818856 | K84: 0.0026763971 | L84: 0.0081569156 | M84: 0.022505702 | N84: 0.011616335 | O84: 0.0285461 | P84: 0.042010654
A85: 717 | B85: 0.014239547 | C85: 0.019716662 | D85: 0.0066267402 | E85: 0.099538759 | F85: 0.016494726 | G85: 0.0076849464 | H85: #NUM! | I85: 7.2230104e-06 | J85: 0.0012937453 | K85: 0.0018915602 | L85: 0.005990996 | M85: 0.02129819 | N85: 0.0085068838 | O85: 0.027728967 | P85: 0.039640513
A86: 716 | B86: 0.015736021 | C86: 0.020708856 | D86: 0.0065017264 | E86: 0.0976502 | F86: 0.016405618 | G86: 0.0070820949 | H86: 0.00075200288 | I86: 2.7476699e-05 | J86: 0.0022215569 | K86: 0.0037018841 | L86: 0.0056797517 | M86: 0.020964441 | N86: 0.0080823731 | O86: 0.028907179 | P86: 0.040003086
A87: 715 | B87: 0.015389317 | C87: 0.022726866 | D87: 0.0072847465 | E87: 0.10003639 | F87: 0.015920363 | G87: 0.0056925046 | H87: 0.0010919242 | I87: 0.0011554415 | J87: 0.0020775112 | K87: 0.0032495623 | L87: 0.0051789728 | M87: 0.021972229 | N87: 0.008102629 | O87: 0.029061698 | P87: 0.041202603
A88: 714 | B88: 0.014429365 | C88: 0.022526618 | D88: 0.0066097433 | E88: 0.10105293 | F88: 0.015165453 | G88: 0.0051364015 | H88: 0.00065205241 | I88: 0.00049714762 | J88: 0.0015035169 | K88: 0.0020729079 | L88: 0.004579926 | M88: 0.024180881 | N88: 0.0075121427 | O88: 0.029983456 | P88: 0.043184687
A89: 713 | B89: 0.01633968 | C89: 0.022243406 | D89: 0.0074474494 | E89: 0.10356653 | F89: 0.018323007 | G89: 0.0054681636 | H89: 0.00024205733 | I89: 0.0001399291 | J89: 0.00077100699 | K89: 0.0018038446 | L89: 0.005032201 | M89: 0.023551428 | N89: 0.0070590247 | O89: 0.032597535 | P89: 0.043343363
A90: 712 | B90: 0.017213647 | C90: 0.02483471 | D90: 0.0080860445 | E90: 0.10848916 | F90: 0.019850392 | G90: 0.0067877745 | H90: 0.00028099131 | I90: #NUM! | J90: 0.0012275912 | K90: 0.0021450977 | L90: 0.005863506 | M90: 0.025058344 | N90: 0.0083462344 | O90: 0.033514411 | P90: 0.045507539
A91: 711 | B91: 0.018172137 | C91: 0.024507997 | D91: 0.0086466303 | E91: 0.10899325 | F91: 0.018758701 | G91: 0.0061006854 | H91: 0.00050390771 | I91: #NUM! | J91: 0.0012513522 | K91: 0.0018845375 | L91: 0.0048000339 | M91: 0.025294473 | N91: 0.008331806 | O91: 0.033764308 | P91: 0.046222331
A92: 710 | B92: 0.019205176 | C92: 0.024431427 | D92: 0.0092236281 | E92: 0.11293253 | F92: 0.020745433 | G92: 0.0072082387 | H92: 0.0005856894 | I92: #NUM! | J92: 0.0017497181 | K92: 0.0018644052 | L92: 0.0054578089 | M92: 0.026000921 | N92: 0.0090448249 | O92: 0.036294399 | P92: 0.049386325
A93: 709 | B93: 0.018107535 | C93: 0.023309816 | D93: 0.0095833283 | E93: 0.11033131 | F93: 0.019246476 | G93: 0.0053423674 | H93: 0.00029359198 | I93: #NUM! | J93: 0.0015732702 | K93: 0.0015136762 | L93: 0.004611309 | M93: 0.025857363 | N93: 0.0087204331 | O93: 0.034388465 | P93: 0.047657914
A94: 708 | B94: 0.019463939 | C94: 0.027653104 | D94: 0.0097420646 | E94: 0.11295568 | F94: 0.022476085 | G94: 0.006343973 | H94: 0.00073795716 | I94: #NUM! | J94: 0.0014316929 | K94: 0.0024273845 | L94: 0.0060517482 | M94: 0.028233439 | N94: 0.008837169 | O94: 0.036841565 | P94: 0.052082328
A95: 707 | B95: 0.0210347 | C95: 0.029079081 | D95: 0.011146185 | E95: 0.11795281 | F95: 0.02168337 | G95: 0.0077969683 | H95: 0.00061229497 | I95: #NUM! | J95: 0.0024256866 | K95: 0.0031539289 | L95: 0.0067595379 | M95: 0.028904612 | N95: 0.009793766 | O95: 0.039776925 | P95: 0.052821012
A96: 706 | B96: 0.019830029 | C96: 0.028253601 | D96: 0.01140353 | E96: 0.11596285 | F96: 0.022626737 | G96: 0.008006208 | H96: 0.00092606112 | I96: #NUM! | J96: 0.0023950923 | K96: 0.002777321 | L96: 0.0065098228 | M96: 0.03126703 | N96: 0.010979075 | O96: 0.039376807 | P96: 0.053817654
A97: 705 | B97: 0.023397661 | C97: 0.031534705 | D97: 0.013073846 | E97: 0.11629197 | F97: 0.026277328 | G97: 0.0083839815 | H97: 0.00097597255 | I97: #NUM! | J97: 0.0026687954 | K97: 0.0035896229 | L97: 0.0071095831 | M97: 0.031893474 | N97: 0.012220748 | O97: 0.042269844 | P97: 0.058708402
A98: 704 | B98: 0.022191783 | C98: 0.03161717 | D98: 0.01183798 | E98: 0.12081669 | F98: 0.023676693 | G98: 0.0082028986 | H98: 0.00094276419 | I98: #NUM! | J98: 0.0019040143 | K98: 0.0029963641 | L98: 0.0068303175 | M98: 0.032379014 | N98: 0.011553975 | O98: 0.042631803 | P98: 0.059817014
A99: 703 | B99: 0.022764326 | C99: 0.033399695 | D99: 0.013365298 | E99: 0.1245669 | F99: 0.024721067 | G99: 0.0092321162 | H99: 0.0012487987 | I99: #NUM! | J99: 0.0028964364 | K99: 0.0031803176 | L99: 0.0073830228 | M99: 0.033790199 | N99: 0.012797317 | O99: 0.045172866 | P99: 0.066414105
A100: 702 | B100: 0.023009888 | C100: 0.03507182 | D100: 0.014085234 | E100: 0.12398002 | F100: 0.025554009 | G100: 0.0088086688 | H100: 0.0014684018 | I100: #NUM! | J100: 0.002553259 | K100: 0.0030906908 | L100: 0.0081709655 | M100: 0.036341486 | N100: 0.013508487 | O100: 0.047138367 | P100: 0.065085103
...

Sheet ad
A1: Wavelength (nm) | B1: =+ap!B1 -> E3 | C1: =+ap!C1 -> E2 | D1: =+ap!D1 -> E1 | E1: =+ap!E1 -> E4 | F1: =+ap!F1 -> E5 | G1: =+ap!G1 -> E24 | H1: =+ap!H1 -> E25 | I1: =+ap!I1 -> E27 | ... P1: =+ap!P1 -> E7
A2: 800 | B2: 7.5950691e-05 | C2: 0.00066544781 | D2: #NUM! | E2: 0.007646088 | F2: 0.00017222171 | G2: #NUM! | H2: 3.0968926e-07 | I2: 0.00014703131 | J2: #NUM! | K2: #NUM! | L2: #NUM! | M2: 0.0009145754 | N2: 0.00013603146 | O2: 0.0026936003 | P2: 0.0036303863
A3: 799 | B3: 0.00053756033 | C3: 0.0023588583 | D3: 0.00048597145 | E3: 0.0090266752 | F3: 0.0017502888 | G3: #NUM! | H3: 3.0968926e-07 | I3: 0.00014703131 | J3: #NUM! | K3: 4.6778919e-06 | L3: 0.00024763578 | M3: 0.0014565481 | N3: 0.00022992894 | O3: 0.0022392739 | P3: 0.0040764081
A4: 798 | B4: #NUM! | C4: 0.00098788268 | D4: #NUM! | E4: 0.008137252 | F4: 0.0017490753 | G4: #NUM! | H4: 3.0968926e-07 | I4: 0.00014703131 | J4: #NUM! | K4: 3.8796505e-05 | L4: #NUM! | M4: 0.0019036351 | N4: 3.283051e-05 | O4: 0.0018615337 | P4: 0.003617473
A5: 797 | B5: 0.0008740198 | C5: 0.0019045853 | D5: 0.00027516225 | E5: 0.011285275 | F5: 0.0014349415 | G5: 0.00025754123 | H5: 3.0968926e-07 | I5: 0.00013725841 | J5: #NUM! | K5: 0.00071413045 | L5: 0.00054472187 | M5: 0.0029523744 | N5: 0.00093296446 | O5: 0.0033028078 | P5: 0.0050905698
A6: 796 | B6: 2.4480339e-05 | C6: 0.0016822115 | D6: #NUM! | E6: 0.01063849 | F6: 3.3547187e-05 | G6: #NUM! | H6: 3.0968926e-07 | I6: 0.00013725841 | J6: #NUM! | K6: 5.6099358e-06 | L6: #NUM! | M6: 0.00042374211 | N6: 3.1437885e-05 | O6: 0.0026052679 | P6: 0.0038169379
A7: 795 | B7: 0.00033966857 | C7: 0.0023597087 | D7: #NUM! | E7: 0.01032095 | F7: 0.0022475239 | G7: 0.00010780394 | H7: 3.0968926e-07 | I7: 0.00013725841 | J7: #NUM! | K7: 0.00012916308 | L7: 8.0645966e-06 | M7: 0.0016027926 | N7: #NUM! | O7: 0.0024334421 | P7: 0.0040319249
A8: 794 | B8: #NUM! | C8: 0.00094641804 | D8: #NUM! | E8: 0.0094922734 | F8: 4.5082101e-06 | G8: #NUM! | H8: 3.0968926e-07 | I8: 0.00013725841 | J8: #NUM! | K8: #NUM! | L8: #NUM! | M8: 0.00025508856 | N8: #NUM! | O8: 0.0015772749 | P8: 0.0029686226
A9: 793 | B9: #NUM! | C9: 0.00040406495 | D9: 2.3225784e-05 | E9: 0.007051343 | F9: #NUM! | G9: #NUM! | H9: 3.0968926e-07 | I9: 0.00013725841 | J9: #NUM! | K9: #NUM! | L9: 4.2526511e-05 | M9: 0.00059881286 | N9: #NUM! | O9: 0.0018232246 | P9: 0.0018848941
A10: 792 | B10: #NUM! | C10: 0.00086172865 | D10: #NUM! | E10: 0.0075313082 | F10: #NUM! | G10: #NUM! | H10: 3.0968926e-07 | I10: 0.00013725841 | J10: #NUM! | K10: #NUM! | L10: 0.00017588542 | M10: 0.00027186839 | N10: #NUM! | O10: 0.00083381985 | P10: 0.0016314529
A11: 791 | B11: #NUM! | C11: 0.0015544533 | D11: #NUM! | E11: 0.0078038309 | F11: #NUM! | G11: #NUM! | H11: #NUM! | I11: 0.00011965473 | J11: #NUM! | K11: 0.00023893373 | L11: 0.00090122768 | M11: 0.00072556062 | N11: 4.0374269e-05 | O11: 0.0014211228 | P11: 0.0020164322
A12: 790 | B12: 9.6973403e-05 | C12: 0.0013130472 | D12: 0.00033844169 | E12: 0.0090834346 | F12: #NUM! | G12: #NUM! | H12: #NUM! | I12: 0.00011965473 | J12: #NUM! | K12: #NUM! | L12: 0.00080678639 | M12: 0.0008630928 | N12: 0.00020425562 | O12: 0.00085700098 | P12: 0.0017119956
A13: 789 | B13: 0.0034637282 | C13: 0.0037007845 | D13: 0.0014743794 | E13: 0.011948902 | F13: 0.0030420528 | G13: 0.0026695514 | H13: 0.0019473507 | I13: 0.00011965473 | J13: 0.0020137371 | K13: 0.0022960233 | L13: 0.0026798409 | M13: 0.0032399292 | N13: 0.0020498479 | O13: 0.0044834848 | P13: 0.0054170101
A14: 788 | B14: 0.0019188268 | C14: 0.0025981485 | D14: 0.0014892047 | E14: 0.011338789 | F14: 0.0007255065 | G14: 0.00092788949 | H14: 0.0006459164 | I14: 0.00011965473 | J14: 0.00068557958 | K14: 0.0011603787 | L14: 0.001113173 | M14: 0.0014160029 | N14: 0.001646401 | O14: 0.0022559854 | P14: 0.0037214214
A15: 787 | B15: 0.0058758521 | C15: 0.0066460917 | D15: 0.0041325919 | E15: 0.022604047 | F15: 0.010231958 | G15: 0.0046414468 | H15: 0.0010812417 | I15: 0.00011965473 | J15: 0.003735871 | K15: 0.0018976651 | L15: 0.0011289381 | M15: 0.0056076296 | N15: 0.0051181441 | O15: 0.0061744193 | P15: 0.011081192
A16: 786 | B16: 0.0029595309 | C16: 0.0062823804 | D16: 0.003749062 | E16: 0.020650992 | F16: 0.0089992197 | G16: 0.00079213175 | H16: 0.00062059079 | I16: 7.9070547e-05 | J16: 0.0028201236 | K16: 0.0032454609 | L16: 0.00073049793 | M16: 0.0048249363 | N16: 0.0033114831 | O16: 0.0053319542 | P16: 0.0091850122
A17: 785 | B17: 0.0029251004 | C17: 0.0068750361 | D17: 0.0039122772 | E17: 0.019879243 | F17: 0.0096420748 | G17: 0.00072772377 | H17: 0.00070305821 | I17: 1.1621104e-05 | J17: 0.00014052485 | K17: 9.0218474e-05 | L17: 0.00033032241 | M17: 0.0055763055 | N17: 0.0027679947 | O17: 0.0060180273 | P17: 0.0088971073
A18: 784 | B18: 0.0023370861 | C18: 0.0055523723 | D18: 0.0001422096 | E18: 0.01769882 | F18: 0.010286721 | G18: #NUM! | H18: 0.00025627547 | I18: 1.1621104e-05 | J18: 6.0332201e-05 | K18: 0.00016157995 | L18: #NUM! | M18: 0.0055622368 | N18: 0.00026638491 | O18: 0.0059023318 | P18: 0.0088883754
A19: 783 | B19: 0.002791221 | C19: 0.0061360661 | D19: 0.001218636 | E19: 0.017426294 | F19: 0.0029357358 | G19: #NUM! | H19: 1.3171129e-05 | I19: 1.1621104e-05 | J19: #NUM! | K19: 0.0010439993 | L19: #NUM! | M19: 0.0043041005 | N19: 0.00077963175 | O19: 0.0056110985 | P19: 0.0067802812
A20: 782 | B20: 0.0018529168 | C20: 0.0045043958 | D20: 0.00028875645 | E20: 0.016580597 | F20: 0.0023690251 | G20: #NUM! | H20: 1.3171129e-05 | I20: 1.1621104e-05 | J20: #NUM! | K20: 9.4194945e-05 | L20: 0.00060090005 | M20: 0.0035256532 | N20: 0.00065377405 | O20: 0.0054568386 | P20: 0.0050084092
A21: 781 | B21: 0.0023512726 | C21: 0.0053113678 | D21: 0.0010808569 | E21: 0.020014886 | F21: 0.0028221758 | G21: 0.00034211069 | H21: 1.3171129e-05 | I21: 1.1621104e-05 | J21: 0.00026921508 | K21: 0.00036028194 | L21: 0.0011722366 | M21: 0.0029548731 | N21: 0.0010621888 | O21: 0.0054057254 | P21: 0.0099024476
A22: 780 | B22: 0.0030237424 | C22: 0.0051461888 | D22: 0.00062789431 | E22: 0.024553726 | F22: 0.0042472872 | G22: 0.00097115766 | H22: 0.00036540229 | I22: 1.1621104e-05 | J22: 0.00022042304 | K22: 0.00086647019 | L22: 0.0014038548 | M22: 0.0039300398 | N22: 0.0020923895 | O22: 0.0064458968 | P22: 0.010138196
A23: 779 | B23: 0.0015000448 | C23: 0.0054868772 | D23: 0.00090823943 | E23: 0.021974766 | F23: 0.0048413041 | G23: 0.00016384204 | H23: 8.6791553e-05 | I23: 1.1621104e-05 | J23: #NUM! | K23: 0.001424877 | L23: 0.00016107172 | M23: 0.0041188273 | N23: 0.0013550118 | O23: 0.0064127121 | P23: 0.0084653936
A24: 778 | B24: 0.0025631312 | C24: 0.0054746144 | D24: 0.0015103164 | E24: 0.021601317 | F24: 0.0036799937 | G24: 0.00042533747 | H24: 0.00017162183 | I24: 1.1621104e-05 | J24: #NUM! | K24: 0.00055697763 | L24: 0.00094033411 | M24: 0.0043410409 | N24: 0.0010870209 | O24: 0.0064996068 | P24: 0.0094726901
A25: 777 | B25: 0.0017763431 | C25: 0.0063705977 | D25: 0.00097712269 | E25: 0.02292653 | F25: 0.0036505388 | G25: 0.00043632086 | H25: 0.0001306042 | I25: 1.1621104e-05 | J25: 0.00010302442 | K25: 0.0001919164 | L25: 0.001597732 | M25: 0.0045221125 | N25: 0.001582257 | O25: 0.0065995694 | P25: 0.01064826
A26: 776 | B26: 0.0020031616 | C26: 0.0071283831 | D26: 0.0014793169 | E26: 0.024807658 | F26: 0.0064590815 | G26: 0.0007951288 | H26: 0.0004324369 | I26: 1.1621104e-05 | J26: 0.00065901571 | K26: 0.00052989808 | L26: 0.0011170089 | M26: 0.0046790659 | N26: 0.0010384767 | O26: 0.0075460798 | P26: 0.011238591
A27: 775 | B27: 0.0022372899 | C27: 0.0049278588 | D27: 0.00094332112 | E27: 0.022449899 | F27: 0.0035690926 | G27: 0.00017305053 | H27: 0.0004324369 | I27: 1.1621104e-05 | J27: #NUM! | K27: 0.00025139474 | L27: 0.00065429911 | M27: 0.004181016 | N27: 0.0012087068 | O27: 0.0071622107 | P27: 0.0085150989
A28: 774 | B28: 0.0016037297 | C28: 0.0052697964 | D28: 0.00056871197 | E28: 0.022735754 | F28: 0.0057546681 | G28: 0.00067827174 | H28: 0.0004324369 | I28: 1.1621104e-05 | J28: 0.00016534436 | K28: 0.00061785178 | L28: 0.00054334191 | M28: 0.0045078522 | N28: 0.0013613361 | O28: 0.0074110137 | P28: 0.011210564
A29: 773 | B29: 0.0023942043 | C29: 0.0061975799 | D29: 0.00045455658 | E29: 0.027425819 | F29: 0.0038012106 | G29: 0.00045697491 | H29: 0.0004324369 | I29: 1.1621104e-05 | J29: #NUM! | K29: 0.00065301363 | L29: 0.0007753265 | M29: 0.0050843669 | N29: 0.001753118 | O29: 0.0073014578 | P29: 0.010491361
A30: 772 | B30: 0.0020674314 | C30: 0.0048415087 | D30: 0.0010343595 | E30: 0.02106957 | F30: 0.0038741585 | G30: 3.615631e-06 | H30: 0.0004324369 | I30: 1.1621104e-05 | J30: #NUM! | K30: 0.00034038523 | L30: 0.00034352637 | M30: 0.0046857012 | N30: 0.00080492052 | O30: 0.0075111143 | P30: 0.0094917328
A31: 771 | B31: 0.0004291945 | C31: 0.0040783088 | D31: 8.5992858e-05 | E31: 0.02197969 | F31: 0.0024583414 | G31: 0.00013461184 | H31: 0.0004324369 | I31: 1.1621104e-05 | J31: #NUM! | K31: #NUM! | L31: 6.753839e-05 | M31: 0.0032083419 | N31: 0.00024012095 | O31: 0.006457461 | P31: 0.0091788562
A32: 770 | B32: 0.00038195122 | C32: 0.0039919946 | D32: #NUM! | E32: 0.019578393 | F32: 0.0023078842 | G32: #NUM! | H32: 0.0004324369 | I32: 1.1621104e-05 | J32: #NUM! | K32: #NUM! | L32: 0.00012204922 | M32: 0.003302794 | N32: 2.4682312e-05 | O32: 0.0056188657 | P32: 0.0083050446
A33: 769 | B33: 0.0025046234 | C33: 0.0061399073 | D33: 0.00059444646 | E33: 0.025868414 | F33: 0.0029865194 | G33: 0.00049602011 | H33: 0.00039667816 | I33: 1.1621104e-05 | J33: 9.3888656e-05 | K33: 0.0017642197 | L33: 0.0028885206 | M33: 0.0049930741 | N33: 0.0013146924 | O33: 0.0073844303 | P33: 0.010069498
A34: 768 | B34: 0.0015378074 | C34: 0.0050992051 | D34: 0.00084541873 | E34: 0.023695954 | F34: 0.00310697 | G34: 0.00031293546 | H34: 0.00020150237 | I34: 1.1621104e-05 | J34: 2.0738148e-05 | K34: 0.0013577019 | L34: 0.0017830275 | M34: 0.0043783244 | N34: 0.0012439554 | O34: 0.0071546262 | P34: 0.010302947
A35: 767 | B35: 0.0040763508 | C35: 0.0085272274 | D35: 0.0025584717 | E35: 0.032065076 | F35: 0.0059082513 | G35: 0.0022058617 | H35: 0.0014386166 | I35: 1.1621104e-05 | J35: 0.0015568344 | K35: 0.0024859294 | L35: 0.0020293214 | M35: 0.0056234515 | N35: 0.0033998825 | O35: 0.007802344 | P35: 0.013404404
A36: 766 | B36: 0.0066955442 | C36: 0.0097710805 | D36: 0.005065854 | E36: 0.036208005 | F36: 0.0090825945 | G36: 0.0040911011 | H36: 0.0034298572 | I36: 1.1621104e-05 | J36: 0.0031236193 | K36: 0.0042325042 | L36: 0.0040978331 | M36: 0.008111229 | N36: 0.0061350526 | O36: 0.010537854 | P36: 0.01449189
A37: 765 | B37: 0.0069095353 | C37: 0.0091782516 | D37: 0.0033677714 | E37: 0.03423277 | F37: 0.011692589 | G37: 0.0041596606 | H37: 0.00083667279 | I37: 1.1621104e-05 | J37: 0.0020524217 | K37: 0.0015229477 | L37: 0.002432911 | M37: 0.0068376879 | N37: 0.0052218162 | O37: 0.01080536 | P37: 0.015282721
A38: 764 | B38: 0.00602166 | C38: 0.010790436 | D38: 0.0049270639 | E38: 0.034025989 | F38: 0.012071231 | G38: 0.00044885346 | H38: 0.0012726037 | I38: 1.1621104e-05 | J38: 0.0028287839 | K38: 0.00062460038 | L38: 0.0012123907 | M38: 0.0077661746 | N38: 0.0033448294 | O38: 0.011745213 | P38: 0.014839737
A39: 763 | B39: 0.0065198034 | C39: 0.010228374 | D39: 0.0024241371 | E39: 0.036504835 | F39: 0.013544459 | G39: 0.00038027503 | H39: 0.00020247453 | I39: 1.1621104e-05 | J39: 0.00010482526 | K39: 0.00054072923 | L39: 0.001154915 | M39: 0.0084973055 | N39: 0.001773206 | O39: 0.01115015 | P39: 0.01502462
A40: 762 | B40: 0.0056434542 | C40: 0.010683095 | D40: 0.0035238868 | E40: 0.035195132 | F40: 0.014402971 | G40: 0.00038891026 | H40: 5.3082582e-05 | I40: 1.1621104e-05 | J40: 7.07491e-05 | K40: 0.0026314626 | L40: 0.0011267123 | M40: 0.0088402156 | N40: 0.0029969055 | O40: 0.011426331 | P40: 0.014877848
A41: 761 | B41: 0.0025379078 | C41: 0.0084837262 | D41: 0.00085836071 | E41: 0.033766928 | F41: 0.0062554016 | G41: #NUM! | H41: 0.00016468456 | I41: 1.1621104e-05 | J41: 0.00014813639 | K41: 0.00081881256 | L41: 0.0010821889 | M41: 0.0070193071 | N41: 0.00054266566 | O41: 0.0089643262 | P41: 0.012459885
A42: 760 | B42: 0.0033866526 | C42: 0.0090978717 | D42: 0.0019229943 | E42: 0.036375198 | F42: 0.009059996 | G42: 0.0013096383 | H42: 0.00033827375 | I42: 1.1621104e-05 | J42: 0.00064519296 | K42: 0.0012088632 | L42: 0.0017002233 | M42: 0.0084431685 | N42: 0.0025775502 | O42: 0.011683378 | P42: 0.01291438
A43: 759 | B43: 0.0043549842 | C43: 0.0099609011 | D43: 0.0028048249 | E43: 0.039167921 | F43: 0.0086370332 | G43: 0.0016064577 | H43: 0.00063983303 | I43: 1.1621104e-05 | J43: 0.00050793938 | K43: 0.0013299415 | L43: 0.0021558403 | M43: 0.0076025751 | N43: 0.0022576025 | O43: 0.012286829 | P43: 0.016172158
A44: 758 | B44: 0.0032960589 | C44: 0.01037072 | D44: 0.0018538899 | E44: 0.036175839 | F44: 0.0089668435 | G44: 0.0015363792 | H44: 4.9584894e-05 | I44: 1.1621104e-05 | J44: 0.00041560551 | K44: 0.0010207737 | L44: 0.001769614 | M44: 0.0092842158 | N44: 0.0022394765 | O44: 0.011488877 | P44: 0.013757463
A45: 757 | B45: 0.0036858011 | C45: 0.0091660506 | D45: 0.0022320168 | E45: 0.038498709 | F45: 0.0082707597 | G45: 0.00082543763 | H45: 0.00057689867 | I45: 1.1621104e-05 | J45: 0.000221981 | K45: 0.0010735406 | L45: 0.002139526 | M45: 0.0080352353 | N45: 0.0022503011 | O45: 0.011897913 | P45: 0.016506385
A46: 756 | B46: 0.0045676115 | C46: 0.01007284 | D46: 0.0015709919 | E46: 0.039650671 | F46: 0.0074549314 | G46: 0.00092149547 | H46: 0.00043178189 | I46: 1.1621104e-05 | J46: 0.00048527866 | K46: 0.00097604202 | L46: 0.0020097778 | M46: 0.0080803771 | N46: 0.0026424899 | O46: 0.012805121 | P46: 0.017230753
A47: 755 | B47: 0.0033648616 | C47: 0.0092626063 | D47: 0.0017122684 | E47: 0.039970282 | F47: 0.0083548876 | G47: 0.00093332308 | H47: 5.2255043e-05 | I47: 1.1621104e-05 | J47: 0.00042261216 | K47: 0.00091935042 | L47: 0.002073158 | M47: 0.0083856549 | N47: 0.0026984665 | O47: 0.012941379 | P47: 0.015845877
A48: 754 | B48: 0.0035909445 | C48: 0.0083983665 | D48: 0.0010056515 | E48: 0.037291066 | F48: 0.0079817353 | G48: 0.00043845875 | H48: 0.00014168525 | I48: 1.1621104e-05 | J48: 8.7364192e-05 | K48: 0.0004586222 | L48: 0.001114989 | M48: 0.0079230889 | N48: 0.0019996939 | O48: 0.011960675 | P48: 0.015584226
A49: 753 | B49: 0.0039816758 | C49: 0.010186224 | D49: 0.0020901361 | E49: 0.040280816 | F49: 0.0074482717 | G49: 0.0013524508 | H49: 6.8005622e-05 | I49: 1.1621104e-05 | J49: 0.00056294922 | K49: 0.00093952622 | L49: 0.0026322326 | M49: 0.0081408593 | N49: 0.002468673 | O49: 0.01192301 | P49: 0.015356993
A50: 752 | B50: 0.0030636174 | C50: 0.0092301418 | D50: 0.00061404159 | E50: 0.03909131 | F50: 0.0059029753 | G50: 9.7744148e-05 | H50: 7.1969324e-05 | I50: 1.1621104e-05 | J50: #NUM! | K50: 0.00015355702 | L50: 0.0015270898 | M50: 0.0070468057 | N50: 0.0015158694 | O50: 0.010788765 | P50: 0.015706278
A51: 751 | B51: 0.0015269973 | C51: 0.0079944126 | D51: 0.00031882175 | E51: 0.035114846 | F51: 0.0039561015 | G51: #NUM! | H51: 7.1969324e-05 | I51: 1.1621104e-05 | J51: #NUM! | K51: 2.0033385e-05 | L51: 0.00049349882 | M51: 0.0059515071 | N51: 0.0009252059 | O51: 0.011080001 | P51: 0.01436325
A52: 750 | B52: 0.0029665882 | C52: 0.0094690424 | D52: 0.0014728771 | E52: 0.037352667 | F52: 0.0053307705 | G52: 0.00033961872 | H52: 9.980415e-05 | I52: 0.0001050018 | J52: #NUM! | K52: 0.00079867778 | L52: 0.0022526368 | M52: 0.0075942759 | N52: 0.0014206679 | O52: 0.01158924 | P52: 0.016215472
A53: 749 | B53: 0.005294141 | C53: 0.012052301 | D53: 0.0036920243 | E53: 0.04418273 | F53: 0.0096573474 | G53: 0.0027820066 | H53: 0.0023122187 | I53: 0.0014635187 | J53: 0.001781738 | K53: 0.0030337476 | L53: 0.0040220101 | M53: 0.0094099624 | N53: 0.0047388281 | O53: 0.014531771 | P53: 0.020687041
A54: 748 | B54: 0.008031322 | C54: 0.013094763 | D54: 0.0049765943 | E54: 0.047393849 | F54: 0.014406177 | G54: 0.0043967919 | H54: 0.0029871805 | I54: 0.002362414 | J54: 0.0030809305 | K54: 0.0039403346 | L54: 0.0056507559 | M54: 0.010837222 | N54: 0.0060867038 | O54: 0.016749874 | P54: 0.022809578
A55: 747 | B55: 0.0093569534 | C55: 0.016058948 | D55: 0.0049343329 | E55: 0.05096516 | F55: 0.016149764 | G55: 0.0045160137 | H55: 0.0034445812 | I55: 0.00098976174 | J55: 0.0040560606 | K55: 0.0032408693 | L55: 0.0048758707 | M55: 0.012796487 | N55: 0.0057231789 | O55: 0.017169429 | P55: 0.023826054
A56: 746 | B56: 0.010294859 | C56: 0.0159827 | D56: 0.0025844114 | E56: 0.052241183 | F56: 0.020104193 | G56: 0.0037837375 | H56: 0.00049895599 | I56: 0.00018478579 | J56: 0.0014711363 | K56: 0.0021938953 | L56: 0.0022740903 | M56: 0.012446152 | N56: 0.0054173847 | O56: 0.017646666 | P56: 0.023577109
A57: 745 | B57: 0.0063540778 | C57: 0.015096521 | D57: 0.001612897 | E57: 0.049491849 | F57: 0.016958126 | G57: 0.00057177468 | H57: 9.4010807e-05 | I57: 0.00018478579 | J57: 1.2258548e-05 | K57: 0.00085083645 | L57: 0.0017261734 | M57: 0.012527363 | N57: 0.0025736708 | O57: 0.015598196 | P57: 0.020560525
A58: 744 | B58: 0.0057026143 | C58: 0.015204184 | D58: 0.0031249144 | E58: 0.05169347 | F58: 0.010808912 | G58: 0.001063756 | H58: 0.00033222234 | I58: 0.00026338317 | J58: 0.00048628881 | K58: 0.00080638138 | L58: 0.0027367264 | M58: 0.010516049 | N58: 0.0038183747 | O58: 0.016031949 | P58: 0.02013918
A59: 743 | B59: 0.005199367 | C59: 0.013288382 | D59: 0.0031949115 | E59: 0.05525657 | F59: 0.012302402 | G59: 0.00180721 | H59: 0.00071604139 | I59: 0.00043595704 | J59: 0.00098613021 | K59: 0.0012642077 | L59: 0.0023361016 | M59: 0.011016597 | N59: 0.004019625 | O59: 0.016339151 | P59: 0.022205461
A60: 742 | B60: 0.0055825573 | C60: 0.01450845 | D60: 0.0024757086 | E60: 0.054522643 | F60: 0.012941452 | G60: 0.0019831544 | H60: 0.00064251551 | I60: 0.00065712199 | J60: 0.00072282042 | K60: 0.0020083632 | L60: 0.0024782688 | M60: 0.011872808 | N60: 0.0038901597 | O60: 0.017637796 | P60: 0.02010002
A61: 741 | B61: 0.0055074961 | C61: 0.013090229 | D61: 0.0029684237 | E61: 0.051974385 | F61: 0.01137077 | G61: 0.0014979361 | H61: 0.00010942265 | I61: 0.00018751383 | J61: 0.00022581594 | K61: 0.001511285 | L61: 0.0025074028 | M61: 0.011167514 | N61: 0.0031549816 | O61: 0.017205076 | P61: 0.01872882
A62: 740 | B62: 0.0056422018 | C62: 0.014254337 | D62: 0.0025756767 | E62: 0.056593234 | F62: 0.012425794 | G62: 0.0020891092 | H62: 0.00063322587 | I62: 0.00011215375 | J62: 0.00035279431 | K62: 0.00098880557 | L62: 0.0023874986 | M62: 0.011783074 | N62: 0.0033266076 | O62: 0.016633756 | P62: 0.020457235
A63: 739 | B63: 0.0053144976 | C63: 0.01404975 | D63: 0.0019738675 | E63: 0.05282765 | F63: 0.011665034 | G63: 0.0017513 | H63: 0.00029899653 | I63: 9.4061486e-05 | J63: #NUM! | K63: 0.0011374159 | L63: 0.0025751068 | M63: 0.012713175 | N63: 0.0035794946 | O63: 0.017745416 | P63: 0.021450187
A64: 738 | B64: 0.0047779059 | C64: 0.012956022 | D64: 0.0023937863 | E64: 0.053920958 | F64: 0.01148535 | G64: 0.0011557124 | H64: 0.00014104313 | I64: 0.00014380025 | J64: #NUM! | K64: 0.00067536229 | L64: 0.0020884326 | M64: 0.01117855 | N64: 0.0036474002 | O64: 0.01726575 | P64: 0.020553181
A65: 737 | B65: 0.0037643064 | C65: 0.012046634 | D65: 0.0013763866 | E65: 0.048447471 | F65: 0.0080448903 | G65: 0.0003276834 | H65: 0.00014104313 | I65: 0.00014380025 | J65: #NUM! | K65: 0.00042385436 | L65: 0.0013813877 | M65: 0.010224225 | N65: 0.0020346348 | O65: 0.016202619 | P65: 0.019055307
A66: 736 | B66: 0.0047899682 | C66: 0.014540073 | D66: 0.0025562923 | E66: 0.055054398 | F66: 0.011188455 | G66: 0.0012848042 | H66: 3.3035595e-05 | I66: 0.00035208357 | J66: 4.9172871e-05 | K66: 0.0014522013 | L66: 0.0023000813 | M66: 0.010967947 | N66: 0.0029169205 | O66: 0.017192212 | P66: 0.023591165
A67: 735 | B67: 0.0054997217 | C67: 0.015026395 | D67: 0.002723057 | E67: 0.056623518 | F67: 0.012235549 | G67: 0.0022946227 | H67: 0.00078228286 | I67: 0.0011623883 | J67: 0.00036097456 | K67: 0.0022178053 | L67: 0.0042810051 | M67: 0.011813196 | N67: 0.0034112256 | O67: 0.017895807 | P67: 0.023925251
A68: 734 | B68: 0.010103018 | C68: 0.017620539 | D68: 0.0062995528 | E68: 0.066745362 | F68: 0.018718284 | G68: 0.0052313999 | H68: 0.0035116629 | I68: 0.002868072 | J68: 0.0033482094 | K68: 0.0043273669 | L68: 0.0067998246 | M68: 0.014504126 | N68: 0.007572133 | O68: 0.021737867 | P68: 0.030885186
A69: 733 | B69: 0.0078305609 | C69: 0.018268374 | D69: 0.0062114878 | E69: 0.064564564 | F69: 0.018858271 | G69: 0.0041195699 | H69: 0.0013888553 | I69: 0.0016899785 | J69: 0.0030504453 | K69: 0.0047884282 | L69: 0.0045607851 | M69: 0.014840291 | N69: 0.0080563732 | O69: 0.021396056 | P69: 0.029682622
A70: 732 | B70: 0.010641 | C70: 0.019675993 | D70: 0.0051061053 | E70: 0.066183455 | F70: 0.02158629 | G70: 0.0037399991 | H70: 0.002475931 | I70: 0.0018028987 | J70: 0.0028577798 | K70: 0.0027908691 | L70: 0.0043731077 | M70: 0.015617606 | N70: 0.0087545024 | O70: 0.022142217 | P70: 0.029345342
A71: 731 | B71: 0.010351244 | C71: 0.018771744 | D71: 0.0036322998 | E71: 0.070006949 | F71: 0.022242052 | G71: 0.0018945071 | H71: 0.00067869738 | I71: 0.00018152353 | J71: 0.00029295097 | K71: 0.001630097 | L71: 0.0026273596 | M71: 0.015058076 | N71: 0.0078821454 | O71: 0.021561599 | P71: 0.029971171
A72: 730 | B72: 0.0071289379 | C72: 0.018022681 | D72: 0.003015538 | E72: 0.061582497 | F72: 0.018319284 | G72: 0.0006535664 | H72: 0.00067869738 | I72: #NUM! | J72: 8.7479593e-05 | K72: 0.001792619 | L72: 0.0015281712 | M72: 0.013752505 | N72: 0.0021320955 | O72: 0.019873385 | P72: 0.026001813
A73: 729 | B73: 0.0074995692 | C73: 0.018753461 | D73: 0.0033420759 | E73: 0.065753101 | F73: 0.017085147 | G73: 0.0020918893 | H73: 0.00082380357 | I73: 0.00063687275 | J73: 0.00026081419 | K73: 0.001604254 | L73: 0.0040613567 | M73: 0.014090794 | N73: 0.0047282976 | O73: 0.02125389 | P73: 0.026312044
A74: 728 | B74: 0.0072033943 | C74: 0.0194276 | D74: 0.0031870326 | E74: 0.067745359 | F74: 0.015408707 | G74: 0.0027546596 | H74: 0.0011733135 | I74: 0.00035994489 | J74: 0.00064608923 | K74: 0.0017350302 | L74: 0.0041018603 | M74: 0.014931812 | N74: 0.0054605166 | O74: 0.022105707 | P74: 0.027498872
A75: 727 | B75: 0.0069762799 | C75: 0.019323858 | D75: 0.0024112224 | E75: 0.066297185 | F75: 0.014456208 | G75: 0.0020049375 | H75: 0.00059161954 | I75: #NUM! | J75: 0.00020986249 | K75: 0.0018020331 | L75: 0.0035214571 | M75: 0.01513702 | N75: 0.0035007143 | O75: 0.022105709 | P75: 0.027543606
A76: 726 | B76: 0.0075278636 | C76: 0.018786018 | D76: 0.0029439306 | E76: 0.067447622 | F76: 0.017235709 | G76: 0.0022575653 | H76: 0.00040814417 | I76: 0.00063508686 | J76: 0.00012770315 | K76: 0.0025071243 | L76: 0.0031417846 | M76: 0.015542072 | N76: 0.005346708 | O76: 0.023521886 | P76: 0.028332409
A77: 725 | B77: 0.0078446725 | C77: 0.019502675 | D77: 0.0040106111 | E77: 0.070477734 | F77: 0.017205043 | G77: 0.0023010086 | H77: 0.00049050727 | I77: 5.2196076e-05 | J77: 0.00035389313 | K77: 0.00170484 | L77: 0.0030237359 | M77: 0.016284996 | N77: 0.0045786802 | O77: 0.023686947 | P77: 0.028675583
A78: 724 | B78: 0.0078604691 | C78: 0.020379862 | D78: 0.0028687288 | E78: 0.070593946 | F78: 0.015740028 | G78: 0.0024018002 | H78: 0.00056399855 | I78: 0.00030133359 | J78: 0.00040748995 | K78: 0.0017953066 | L78: 0.003499138 | M78: 0.016472633 | N78: 0.0049602745 | O78: 0.024009518 | P78: 0.029634307
A79: 723 | B79: 0.0080188256 | C79: 0.021323167 | D79: 0.0028300512 | E79: 0.070610294 | F79: 0.017396584 | G79: 0.0027408846 | H79: 0.00054356175 | I79: 0.00033585557 | J79: 0.00040992121 | K79: 0.0015130121 | L79: 0.0040292303 | M79: 0.016644682 | N79: 0.0051717604 | O79: 0.023395604 | P79: 0.030581561
A80: 722 | B80: 0.0080097103 | C80: 0.019805411 | D80: 0.0035868669 | E80: 0.075726201 | F80: 0.016659024 | G80: 0.0022735988 | H80: 0.0010942931 | I80: 0.00013154302 | J80: 0.00064143504 | K80: 0.0016463498 | L80: 0.0043717451 | M80: 0.016004063 | N80: 0.0048973775 | O80: 0.023477415 | P80: 0.03168054
A81: 721 | B81: 0.0077162005 | C81: 0.020513463 | D81: 0.0037685567 | E81: 0.076867853 | F81: 0.016500336 | G81: 0.0027807736 | H81: 0.00066893532 | I81: 0.00038567272 | J81: 0.00087706616 | K81: 0.0017219194 | L81: 0.0038601717 | M81: 0.016099278 | N81: 0.0049599962 | O81: 0.02354787 | P81: 0.032417684
A82: 720 | B82: 0.0080515941 | C82: 0.021673717 | D82: 0.0040231735 | E82: 0.07659133 | F82: 0.020712445 | G82: 0.0027497378 | H82: 0.00077388623 | I82: 0.00033151506 | J82: 0.00074917948 | K82: 0.0021915533 | L82: 0.0043709285 | M82: 0.016531274 | N82: 0.0051110978 | O82: 0.025371273 | P82: 0.033082228
A83: 719 | B83: 0.008179567 | C83: 0.020443913 | D83: 0.0034329761 | E83: 0.073030347 | F83: 0.019396555 | G83: 0.0022436743 | H83: 0.00030734555 | I83: 1.1695648e-05 | J83: 0.00019375766 | K83: 0.0016522893 | L83: 0.0037753193 | M83: 0.016386029 | N83: 0.0050618399 | O83: 0.024448108 | P83: 0.030845045
A84: 718 | B84: 0.010791756 | C84: 0.021811891 | D84: 0.0039255702 | E84: 0.079475307 | F84: 0.022436156 | G84: 0.0029655659 | H84: 2.0741679e-05 | I84: 1.1695648e-05 | J84: 0.00039393735 | K84: 0.0012125645 | L84: 0.0019728721 | M84: 0.018399706 | N84: 0.0081190004 | O84: 0.026163575 | P84: 0.033800594
A85: 717 | B85: 0.0092753026 | C85: 0.021687527 | D85: 0.0043169116 | E85: 0.079604872 | F85: 0.021115955 | G85: 0.0031752386 | H85: 0.00013567409 | I85: 1.1695648e-05 | J85: 0.0012280884 | K85: 0.0022286078 | L85: 0.0031760209 | M85: 0.018980997 | N85: 0.0079056998 | O85: 0.024508862 | P85: 0.034427736
A86: 716 | B86: 0.0083478135 | C86: 0.023258745 | D86: 0.0041116248 | E86: 0.079512589 | F86: 0.018093869 | G86: 0.0037932388 | H86: 0.0018061676 | I86: 0.00012027418 | J86: 0.0016693379 | K86: 0.0018820287 | L86: 0.0043804613 | M86: 0.018820027 | N86: 0.0073801141 | O86: 0.024484241 | P86: 0.032736808
A87: 715 | B87: 0.0080282818 | C87: 0.023056075 | D87: 0.0042464363 | E87: 0.078768637 | F87: 0.015840774 | G87: 0.003598753 | H87: 0.0016460052 | I87: 0.0010803257 | J87: 0.0012950829 | K87: 0.001707277 | L87: 0.0051325018 | M87: 0.017487493 | N87: 0.0066412771 | O87: 0.025191715 | P87: 0.033639822
... A91: 711 | B91: 0.0091149039 | C91: 0.022530221 | D91: 0.0041167303 | E91: 0.081949611 | F91: 0.015964606 | G91: 0.00094440538 | H91: 0.00026287776 | I91: 0.00020699209 | J91: 5.746969e-05 | K91: 0.0022830247 | L91: 0.0024859672 | M91: 0.018967479 | N91: 0.00462577 | O91: 0.025641733 | P91: 0.03669415
A92: 710 | B92: 0.0094153214 | C92: 0.022729083 | D92: 0.0047089912 | E92: 0.082268748 | F92: 0.01463097 | G92: 0.0011315552 | H92: 0.00026287776 | I92: 0.00020699209 | J92: #NUM! | K92: 0.0017457131 | L92: 0.0024250101 | M92: 0.019309868 | N92: 0.0035139483 | O92: 0.027261657 | P92: 0.035243818
A93: 709 | B93: 0.0099484169 | C93: 0.022958617 | D93: 0.0048620292 | E93: 0.083760066 | F93: 0.014560239 | G93: 0.00057090209 | H93: 0.00026287776 | I93: 0.00020699209 | J93: #NUM! | K93: 0.0015745811 | L93: 0.0017966868 | M93: 0.01735296 | N93: 0.004281568 | O93: 0.025238878 | P93: 0.035413327
A94: 708 | B94: 0.010120069 | C94: 0.023492246 | D94: 0.0050416794 | E94: 0.088351782 | F94: 0.01628334 | G94: 0.0009996495 | H94: 0.00026287776 | I94: 0.00020699209 | J94: 0.00024375599 | K94: 0.0029775568 | L94: 0.003039569 | M94: 0.022219527 | N94: 0.0046522526 | O94: 0.027286866 | P94: 0.03820761
A95: 707 | B95: 0.0087443072 | C95: 0.024363299 | D95: 0.0048712289 | E95: 0.085912683 | F95: 0.015023913 | G95: 0.00086896924 | H95: 0.00026287776 | I95: 0.00020699209 | J95: 0.0003134423 | K95: 0.0016791814 | L95: 0.0021032684 | M95: 0.020767697 | N95: 0.0041987997 | O95: 0.027026885 | P95: 0.038607025
A96: 706 | B96: 0.011055875 | C96: 0.026343294 | D96: 0.005068947 | E96: 0.087166977 | F96: 0.015996089 | G96: 0.0014308607 | H96: 0.00026287776 | I96: 0.00020699209 | J96: 0.00010398392 | K96: 0.0029378113 | L96: 0.0021892497 | M96: 0.021756031 | N96: 0.0048410585 | O96: 0.027416247 | P96: 0.039885277
A97: 705 | B97: 0.010049061 | C97: 0.024120383 | D97: 0.0059982162 | E97: 0.088218272 | F97: 0.015963951 | G97: 0.00069333647 | H97: 0.00026287776 | I97: 0.00020699209 | J97: 0.00011209649 | K97: 0.0027644885 | L97: 0.002857473 | M97: 0.021062332 | N97: 0.0058761334 | O97: 0.028065559 | P97: 0.040321889
A98: 704 | B98: 0.0097326475 | C98: 0.025159881 | D98: 0.0048455919 | E98: 0.094227041 | F98: 0.015378133 | G98: 0.00049974327 | H98: 0.00026287776 | I98: 0.00020699209 | J98: 1.0266666e-05 | K98: 0.001828764 | L98: 0.0019495698 | M98: 0.021692588 | N98: 0.0048444013 | O98: 0.027370257 | P98: 0.039916819
A99: 703 | B99: 0.0098264557 | C99: 0.025154649 | D99: 0.0055519614 | E99: 0.093033037 | F99: 0.016682195 | G99: 0.000678091 | H99: 0.00026287776 | I99: 0.00020699209 | J99: #NUM! | K99: 0.0025910849 | L99: 0.0032042316 | M99: 0.02321723 | N99: 0.0054005518 | O99: 0.029144897 | P99: 0.041887282
A100: 702 | B100: 0.0089412859 | C100: 0.023758655 | D100: 0.005385519 | E100: 0.092952013 | F100: 0.013304552 | G100: 0.00088813106 | H100: 0.00026287776 | I100: 0.00020699209 | J100: #NUM! | K100: 0.0016366821 | L100: 0.0022554641 | M100: 0.022529448 | N100: 0.0049627956 | O100: 0.029180793 | P100: 0.040593244
A101: 701 | B101: 0.0099852474 | C101: 0.024499848 | D101: 0.0052125552 | E101: 0.093651843 | F101: 0.014770723 | G101: 0.0011173973 | H101: 0.00026287776 | I101: 0.00020699209 | J101: 0.00017780557 | K101: 0.0024211445 | L101: 0.0018191304 | M101: 0.021484367 | N101: 0.0047990526 | O101: 0.029027371 | P101: 0.041104175
A102: 700 | B102: 0.0092791365 | C102: 0.025206491 | D102: 0.0046476363 | E102: 0.095484506 | F102: 0.012577458 | G102: 0.00073066653 | H102: 0.00026287776 | I102: 0.00020699209 | J102: 0.0001988637 | K102: 0.0026785795 | L102: 0.0017591218 | M102: 0.021353247 | N102: 0.0045026228 | O102: 0.029621006 | P102: 0.043166061
A103: 699 | B103: 0.010568844 | C103: 0.024614318 | D103: 0.0059198256 | E103: 0.095285664 | F103: 0.015674685 | G103: 0.00017614395 | H103: 0.00026287776 | I103: 0.00020699209 | J103: 0.00032695986 | K103: 0.0022972047 | L103: 0.0026417381 | M103: 0.024178465 | N103: 0.004887329 | O103: 0.030129128 | P103: 0.042557299
...

Sheet aphy
A1: Wavelength (nm) | B1: =+ap!B1 -> E3 | C1: =+ap!C1 -> E2 | D1: =+ap!D1 -> E1 | E1: =+ap!E1 -> E4 | F1: =+ap!F1 -> E5 | G1: =+ap!G1 -> E24 | H1: =+ap!H1 -> E25 | I1: =+ap!I1 -> E27 | ... P1: =+ap!P1 -> E7 | AI1: B/R | AK1: Si la razón B/R es >3.0 domina el picofitoplancton (< 2 um) | AQ1: =+B1 -> E3 | AR1: =+C1 -> E2 | AS1: =+D1 -> E1 | AT1: =+E1 -> E4 | AU1: =+F1 -> E5 | AV1: =+G1 -> E24 | AW1: =+H1 -> E25 | AX1: =+I1 -> E27 | ... BS1: =+AD1 -> 0
A2: 800 | B2: 0.0012167022 | C2: 0.002097885 | D2: #NUM! | E2: 0.0040674662 | F2: 0.0016778893 | G2: #NUM! | H2: 0.00011304029 | I2: -5.1689191e-05 | J2: #NUM! | K2: #NUM! | L2: #NUM! | M2: 0.0019590969 | N2: 0.00044861994 | O2: 0.00083629705 | P2: 0.001373472 | AI2: B= | AJ2: afito(443) | AK2: Si la razón B/R es <2.5 domina el microfitoplancton (> 20 um) | AP2: B/R = | AQ2: =B$359/B$127 -> 2.8995607 | AR2: =C$359/C$127 -> 1.5295478 | AS2: =D$359/D$127 -> 2.1429958 | AT2: =E$359/E$127 -> 5.8250135 | AU2: =F$359/F$127 -> 4.0034657 | AV2: =G$359/G$127 -> 2.7721744 | AW2: =H$359/H$127 -> 3.4291095 | AX2: =I$359/I$127 -> 5.0501527 | ... BS2: =AD$359/AD$127 -> #DIV/0!
A3: 799 | B3: 0.00024936518 | C3: -0.00076261042 | D3: 0.00061840088 | E3: 0.00020642049 | F3: -0.00088975792 | G3: #NUM! | H3: 2.8420672e-05 | I3: 0.00011707022 | J3: #NUM! | K3: 0.00062581147 | L3: -1.9486988e-05 | M3: 0.00069608697 | N3: 0.00045970709 | O3: 0.00096406508 | P3: -0.0005639507 | AI3: R= | AJ3: afito(675) | AK3: Valores entre 2.5 y 3 domina el nanoplancton | AP3: [ ] Clorofila a =
A4: 798 | B4: #NUM! | C4: 0.00048594279 | D4: #NUM! | E4: 0.0008279819 | F4: 0.00056203497 | G4: #NUM! | H4: #NUM! | I4: -3.7934433e-05 | J4: #NUM! | K4: -8.6129612e-07 | L4: #NUM! | M4: 0.00045676827 | N4: 0.00022144157 | O4: 0.0017089493 | P4: -0.00077387641
A5: 797 | B5: 0.000649722 | C5: 0.00037787307 | D5: 0.00010661782 | E5: 0.00035907967 | F5: -0.00064331667 | G5: 0.00090588924 | H5: #NUM! | I5: #NUM! | J5: #NUM! | K5: #NUM! | L5: 9.6958494e-05 | M5: -0.00065861872 | N5: -3.5479197e-05 | O5: -0.00025204635 | P5: 0.00087647462
A6: 796 | B6: 0.0011981816 | C6: -0.00010958298 | D6: #NUM! | E6: 0.0014927369 | F6: 0.0019198503 | G6: #NUM! | H6: #NUM! | I6: #NUM! | J6: #NUM! | K6: #NUM! | L6: #NUM! | M6: 0.002024329 | N6: -2.9665627e-05 | O6: -0.00015977849 | P6: 0.00033994547
A7: 795 | B7: 0.00058645931 | C7: -0.0010843435 | D7: #NUM! | E7: 0.0028962158 | F7: 0.00038738594 | G7: -5.5389255e-05 | H7: #NUM! | I7: #NUM! | J7: #NUM! | K7: #NUM! | L7: 3.0032936e-05 | M7: 0.00041692509 | N7: #NUM! | O7: 0.00025190111 | P7: -0.00098369125
A8: 794 | B8: #NUM! | C8: 0.00029440069 | D8: #NUM! | E8: 0.001045981 | F8: #NUM! | G8: #NUM! | H8: #NUM! | I8: #NUM! | J8: #NUM! | K8: #NUM! | L8: #NUM! | M8: 0.0014689197 | N8: #NUM! | O8: 0.0014563829 | P8: -0.00035457258
A9: 793 | B9: #NUM! | C9: -0.00026437502 | D9: #NUM! | E9: 0.00020724418 | F9: #NUM! | G9: #NUM! | H9: #NUM! | I9: #NUM! | J9: #NUM! | K9: #NUM! | L9: #NUM! | M9: 0.00075286658 | N9: #NUM! | O9: 0.00078065123 | P9: 0.00035148174
A10: 792 | B10: #NUM! | C10: -0.00058510627 | D10: #NUM! | E10: 0.00098565852 | F10: #NUM! | G10: #NUM! | H10: #NUM! | I10: #NUM! | J10: #NUM! | K10: #NUM! | L10: #NUM! | M10: 0.00012819077 | N10: #NUM! | O10: 0.0011206543 | P10: 0.0011764769
A11: 791 | B11: #NUM! | C11: -0.0012379195 | D11: #NUM! | E11: 0.0033829346 | F11: #NUM! | G11: #NUM! | H11: #NUM! | I11: #NUM! | J11: #NUM! | K11: #NUM! | L11: #NUM! | M11: 0.00059880419 | N11: #NUM! | O11: 0.00064220921 | P11: 0.00058126669
A12: 790 | B12: #NUM! | C12: #NUM! | D12: #NUM! | E12: 0.00024399448 | F12: #NUM! | G12: #NUM! | H12: #NUM! | I12: #NUM! | J12: #NUM! | K12: #NUM! | L12: #NUM! | M12: -0.00028881668 | N12: #NUM! | O12: 0.0010742179 | P12: -0.00012373224
A13: 789 | B13: -0.00078213382 | C13: -0.0018093653 | D13: 0.00031118886 | E13: 0.0019757571 | F13: 0.00011334774 | G13: -0.00086954072 | H13: -0.00027133762 | I13: 0.00040454648 | J13: -0.00052593632 | K13: -0.0003444176 | L13: -0.0014504377 | M13: -0.00028977812 | N13: -0.0012635844 | O13: -0.00024404478 | P13: 0.0001682871
A14: 788 | B14: 0.00012207778 | C14: 0.00061904122 | D14: 0.00091413281 | E14: 0.0061301406 | F14: 0.0013474764 | G14: 0.0016169018 | H14: 0.00083063973 | I14: 0.00093166213 | J14: 0.00093158086 | K14: -0.00013562688 | L14: 0.00044048549 | M14: 0.0026151686 | N14: 0.00016926169 | O14: 0.0023858953 | P14: 0.0034968558
A15: 787 | B15: -0.0018058653 | C15: -0.0010320825 | D15: 8.248354e-05 | E15: -0.0026547615 | F15: -0.0036118806 | G15: -0.00027846069 | H15: -0.00029181271 | I15: 0.00079075302 | J15: -0.0012456145 | K15: 0.0012879871 | L15: 0.0031554846 | M15: 6.8559489e-05 | N15: -0.0015715885 | O15: 0.00050789089 | P15: -0.0024638133
A16: 786 | B16: 0.0010001833 | C16: -0.00060563771 | D16: -0.00043853335 | E16: 0.0015573692 | F16: -0.0019829162 | G16: 0.0028400309 | H16: 0.00010209272 | I16: #NUM! | J16: -0.0016147556 | K16: -0.0023465593 | L16: 0.0035921874 | M16: 0.0015014435 | N16: 0.00038637109 | O16: 0.0016361459 | P16: -0.0011144456
A17: 785 | B17: 0.0027900943 | C17: -0.0011333426 | D17: 0.00053896101 | E17: 0.003468188 | F17: -0.00073326741 | G17: 0.0015298186 | H17: 0.00012135339 | I17: #NUM! | J17: 7.3209249e-05 | K17: 0.00045483575 | L17: 0.0042094781 | M17: -0.00048149398 | N17: 0.00083144887 | O17: 8.8712191e-05 | P17: 0.0021337902
A18: 784 | B18: 6.9080347e-05 | C18: -0.0024342577 | D18: 0.00026594823 | E18: -0.0013454932 | F18: -0.0043729263 | G18: #NUM! | H18: #NUM! | I18: #NUM! | J18: #NUM! | K18: #NUM! | L18: #NUM! | M18: -0.0023189664 | N18: 8.0353741e-05 | O18: -0.00029086687 | P18: -0.0033483875
A19: 783 | B19: 0.00015830711 | C19: -0.00059795516 | D19: 3.1997997e-05 | E19: 0.0027146108 | F19: 0.0012632833 | G19: #NUM! | H19: 1.1722739e-05 | I19: #NUM! | J19: #NUM! | K19: -0.0010439105 | L19: #NUM! | M19: -0.00085383662 | N19: 0.00079445425 | O19: 0.0011894727 | P19: -0.0002343771
A20: 782 | B20: -0.00017280767 | C20: -0.00076442622 | D20: 0.00053865384 | E20: 0.0042966754 | F20: 0.00073130658 | G20: #NUM! | H20: #NUM! | I20: #NUM! | J20: #NUM! | K20: 3.6490936e-05 | L20: 0.00037803818 | M20: 0.001656895 | N20: 0.00030479665 | O20: 0.0010066373 | P20: 0.0022027777
A21: 781 | B21: -0.00042524858 | C21: -0.0023649798 | D21: -6.4122921e-06 | E21: -0.00021007778 | F21: 0.00084095127 | G21: 0.00048123042 | H21: #NUM! | I21: #NUM! | J21: -3.6318157e-05 | K21: -0.00034464671 | L21: -0.00053073475 | M21: 0.0021497951 | N21: -0.00026618787 | O21: 0.00030659853 | P21: -0.0032501991
A22: 780 | B22: -0.0017480467 | C22: -0.0015416259 | D22: 0.00045015572 | E22: -0.0012212605 | F22: -0.001405125 | G22: -0.00092355048 | H22: #NUM! | I22: #NUM! | J22: #NUM! | K22: -0.00055796052 | L22: -0.00021841565 | M22: 0.00048921208 | N22: -0.00091472733 | O22: -0.00065260561 | P22: -0.0017637611
A23: 779 | B23: 0.001066806 | C23: -0.0018723671 | D23: -0.0001030785 | E23: 0.0042635909 | F23: 0.00019908467 | G23: 0.00099714459 | H23: #NUM! | I23: #NUM! | J23: #NUM! | K23: -0.00109503 | L23: 0.00081649317 | M23: 0.00091383695 | N23: -0.00065536519 | O23: -0.00013788607 | P23: 0.001403172
A24: 778 | B24: 3.4280928e-05 | C24: -0.0014586976 | D24: -0.00066508769 | E24: 0.0052160214 | F24: 0.0021826726 | G24: 0.0007082236 | H24: 1.0686939e-05 | I24: #NUM! | J24: #NUM! | K24: -0.00044308483 | L24: 0.00042153529 | M24: 0.00010798461 | N24: 0.0004069642 | O24: 0.00025540242 | P24: -0.0010904967
A25: 777 | B25: 0.0021080181 | C25: 7.5510681e-05 | D25: 0.00097161454 | E25: 0.0053807039 | F25: 0.0030730064 | G25: 0.00071977975 | H25: 0.00053710649 | I25: 0.00071254966 | J25: 0.00026689861 | K25: 0.001005263 | L25: -0.0001494303 | M25: 0.0017175928 | N25: 0.00070211985 | O25: 0.00091408175 | P25: -0.00042182834
A26: 776 | B26: 0.00092955864 | C26: -0.0032288626 | D26: -0.00073159624 | E26: 0.002263391 | F26: -0.0022448829 | G26: 0.00035934357 | H26: -0.00041417401 | I26: #NUM! | J26: -0.00037707862 | K26: -0.00042063977 | L26: 4.3118048e-05 | M26: 0.0014827394 | N26: 0.00013693807 | O26: -0.00042956632 | P26: -0.00053571662
A27: 775 | B27: 0.00049834793 | C27: 0.00057647794 | D27: 0.0001285204 | E27: 0.0048259687 | F27: 0.0010764118 | G27: 0.0004742189 | H27: #NUM! | I27: -1.0324337e-05 | J27: #NUM! | K27: -5.105116e-05 | L27: 0.0009913391 | M27: 0.0019256543 | N27: 0.00070115253 | O27: -0.0004676468 | P27: 0.00020909763
A28: 774 | B28: 0.0024869331 | C28: 5.992374e-05 | D28: 0.00030933454 | E28: 0.0066688456 | F28: -0.0001404284 | G28: 0.00064139256 | H28: -0.00041285101 | I28: 7.0387995e-05 | J28: 0.00039562119 | K28: -8.2444551e-05 | L28: 0.00094097166 | M28: 0.0024234067 | N28: -3.3550654e-05 | O28: 0.0013965967 | P28: 0.00011182421
A29: 773 | B29: 0.00055152676 | C29: -0.0020728463 | D29: -8.0263443e-05 | E29: -0.00085800173 | F29: 0.00061932337 | G29: 9.0825312e-05 | H29: #NUM! | I29: #NUM! | J29: #NUM! | K29: -0.00060100137 | L29: -0.00026426283 | M29: 4.3694712e-05 | N29: -0.00092226091 | O29: 0.00022722007 | P29: -0.0016574431
A30: 772 | B30: 0.0028690521 | C30: 0.0007099188 | D30: -0.00010405885 | E30: 0.0063833936 | F30: 0.0015731916 | G30: 0.00057530273 | H30: #NUM! | I30: #NUM! | J30: #NUM! | K30: -9.8554501e-05 | L30: 0.00026242272 | M30: 0.00041783987 | N30: -1.6038536e-05 | O30: 0.00090543495 | P30: 0.00079596438
A31: 771 | B31: 0.0036769191 | C31: 0.00065614302 | D31: 0.00037737362 | E31: 0.0062131145 | F31: 0.0028737253 | G31: 0.00047013973 | H31: #NUM! | I31: #NUM! | J31: #NUM! | K31: #NUM! | L31: 0.0010354753 | M31: 0.0030885272 | N31: 0.00032340756 | O31: 0.00079323933 | P31: 0.00096660944
A32: 770 | B32: 0.0036496543 | C32: 0.00015803916 | D32: #NUM! | E32: 0.0068611909 | F32: 0.0023942444 | G32: #NUM! | H32: #NUM! | I32: #NUM! | J32: #NUM! | K32: #NUM! | L32: 0.00024403834 | M32: 0.002294802 | N32: 0.0007347518 | O32: 0.00086894475 | P32: 0.002745998
A33: 769 | B33: 0.00058640956 | C33: -0.0032223279 | D33: -0.00058142215 | E33: 6.034203e-05 | F33: -0.00076521167 | G33: -0.00045400422 | H33: #NUM! | I33: #NUM! | J33: #NUM! | K33: #NUM! | L33: -0.0027118794 | M33: 0.0001567102 | N33: -0.00084912386 | O33: -0.0022221578 | P33: -0.0017045415
A34: 768 | B34: 0.0023405045 | C34: 0.00050419213 | D34: -6.8347948e-05 | E34: 0.0098430294 | F34: 0.0019992304 | G34: 0.00058286732 | H34: 0.00027726641 | I34: 0.00056778054 | J34: 0.00074394415 | K34: -0.00082950434 | L34: -0.0010339644 | M34: 0.0021204036 | N34: -0.00044138503 | O34: 0.0013783913 | P34: 0.0018592944
A35: 767 | B35: -0.0012187291 | C35: -0.0053545249 | D35: -0.0020778805 | E35: -0.0021527927 | F35: -0.003439236 | G35: -0.001413562 | H35: -0.0013754721 | I35: #NUM! | J35: -0.0013978975 | K35: -0.0017754455 | L35: -0.0019892859 | M35: -0.0012295689 | N35: -0.0032851756 | O35: -0.0010871463 | P35: -0.0034370131
A36: 766 | B36: 9.4970428e-05 | C36: -0.0012298795 | D36: -0.00045626769 | E36: 0.0050985939 | F36: 0.0014384785 | G36: 0.00062438714 | H36: -0.0010522541 | I36: 0.0022784312 | J36: 0.00068570237 | K36: -0.00062226541 | L36: 0.00038795016 | M36: 0.00079038134 | N36: -0.0017446271 | O36: 0.0014738557 | P36: 0.00067401578
A37: 765 | B37: -0.0029202864 | C37: -0.003194254 | D37: 5.9781503e-05 | E37: 0.0014424086 | F37: -0.0044608673 | G37: -0.00050106866 | H37: -0.00050007457 | I37: 0.0010982408 | J37: -0.0010116094 | K37: -0.00031612197 | L37: 0.00082346276 | M37: 0.00071884071 | N37: -0.0019296685 | O37: -0.0011834897 | P37: -0.0024752387
A38: 764 | B38: 0.0011188422 | C38: -0.0020414941 | D38: 0.00027219334 | E38: 0.0087258873 | F38: -0.0011511056 | G38: 0.0054681991 | H38: #NUM! | I38: 0.0012985747 | J38: 0.00032461211 | K38: 0.0029890329 | L38: 0.0039329768 | M38: 0.0015884578 | N38: 0.0022565939 | O38: 0.00035252329 | P38: 0.00024425676
A39: 763 | B39: -0.00041552269 | C39: -0.0015770422 | D39: 0.0010204637 | E39: 0.0061982302 | F39: -0.00065339694 | G39: 0.0017811228 | H39: #NUM! | I39: #NUM! | J39: 1.2619484e-05 | K39: 0.00035374512 | L39: 0.0025826322 | M39: -0.00046764011 | N39: 0.003308462 | O39: -0.0008062781 | P39: 0.0010093848
A40: 762 | B40: -0.0016877901 | C40: -0.0037553155 | D40: -0.0021214425 | E40: 0.00011135476 | F40: -0.0080021856 | G40: 2.6465626e-05 | H40: #NUM! | I40: #NUM! | J40: #NUM! | K40: #NUM! | L40: 0.00093295151 | M40: -0.0015533678 | N40: -0.00059088933 | O40: -0.00073991608 | P40: -0.0029069983
A41: 761 | B41: 0.0031534696 | C41: 0.00063212716 | D41: 0.0013019935 | E41: 0.0094019743 | F41: 0.0026920885 | G41: #NUM! | H41: 0.0001001387 | I41: 6.1590097e-06 | J41: 0.00020914947 | K41: 0.00050904664 | L41: 0.0015212286 | M41: 0.0030461474 | N41: 0.0020451959 | O41: 0.0035638358 | P41: 0.002998151
A42: 760 | B42: 0.0011178122 | C42: -0.00098442659 | D42: -0.00040317787 | E42: 0.0076525083 | F42: -0.00238254 | G42: 0.0015311799 | H42: #NUM! | I42: #NUM! | J42: -2.557015e-05 | K42: -0.00061150101 | L42: 0.0002755334 | M42: 0.00018288501 | N42: -0.00040219874 | O42: -0.00091409776 | P42: 0.0026714151
A43: 759 | B43: 0.00047276042 | C43: -0.00074326755 | D43: -0.0002138597 | E43: 0.0069628363 | F43: -0.00061160451 | G43: 0.00041086183 | H43: #NUM! | I43: 4.004688e-05 | J43: 0.00033585835 | K43: -0.0010780984 | L43: -8.0198637e-06 | M43: 0.0022388748 | N43: -4.3146725e-05 | O43: 0.00011664971 | P43: -0.00076240243
A44: 758 | B44: 0.0022121024 | C44: -0.0016659012 | D44: 6.1601199e-05 | E44: 0.0071325418 | F44: -0.00029166742 | G44: 0.0001106261 | H44: 0.00016059378 | I44: #NUM! | J44: -0.00033116784 | K44: -0.00030076351 | L44: 8.929913e-05 | M44: -0.0004290351 | N44: -0.00018651622 | O44: 0.00069161328 | P44: 0.0024785191
A45: 757 | B45: 0.0022033467 | C45: -3.686866e-05 | D45: 0.00025716347 | E45: 0.010677271 | F45: 0.00068308613 | G45: 0.0020538411 | H45: -0.00056001865 | I45: #NUM! | J45: 0.00045699751 | K45: 0.0002390261 | L45: 6.9779001e-05 | M45: 0.002005058 | N45: 0.00082692998 | O45: 0.00031666918 | P45: 0.00051730352
A46: 756 | B46: 0.00013479989 | C46: -0.0024745839 | D46: 7.8108831e-05 | E46: 0.0065479382 | F46: 0.0014613782 | G46: 0.0014626225 | H46: #NUM! | I46: #NUM! | J46: -0.00024259519 | K46: -0.00036738636 | L46: -0.00057002217 | M46: 0.0015245912 | N46: -0.00042709535 | O46: -0.00084842524 | P46: -0.00018843694
A47: 755 | B47: 0.0020043576 | C47: -0.0003435074 | D47: -3.9817144e-05 | E47: 0.0077148399 | F47: 0.0012217702 | G47: 0.0012439576 | H47: #NUM! | I47: #NUM! | J47: -0.00016844934 | K47: -7.8381168e-05 | L47: 0.00011366044 | M47: 0.00088125446 | N47: 0.00098338231 | O47: 0.00041909727 | P47: -0.0003740397
A48: 754 | B48: 0.0023098821 | C48: -0.00074995106 | D48: 0.00092508085 | E48: 0.010426557 | F48: -0.00011165644 | G48: 0.002021267 | H48: #NUM! | I48: #NUM! | J48: 7.6464801e-05 | K48: 0.00068814582 | L48: 0.00032818392 | M48: 0.0014772447 | N48: -0.00020736071 | O48: 0.00082628088 | P48: 0.0014973711
A49: 753 | B49: 0.0020898633 | C49: -0.0019541939 | D49: -0.0007981568 | E49: 0.0071095093 | F49: -0.00035080458 | G49: 0.00054815899 | H49: #NUM! | I49: #NUM! | J49: -0.00015195983 | K49: -0.00064737546 | L49: -0.00014202763 | M49: 0.0021444416 | N49: -4.663749e-05 | O49: 0.0009594366 | P49: 0.0012390255
A50: 752 | B50: 0.0032456162 | C50: -0.0015329645 | D50: 0.00084447501 | E50: 0.0074112327 | F50: 0.0015300457 | G50: 0.0013373621 | H50: #NUM! | I50: #NUM! | J50: #NUM! | K50: 0.00032897819 | L50: 0.00013417424 | M50: 0.0020279443 | N50: 0.0011162573 | O50: 0.0021810344 | P50: 0.0018208663
A51: 751 | B51: 0.0037099076 | C51: -0.00099125225 | D51: 0.00050480836 | E51: 0.011161568 | F51: 5.0078006e-05 | G51: #NUM! | H51: #NUM! | I51: #NUM! | J51: #NUM! | K51: #NUM! | L51: 0.0011356691 | M51: 0.0025672521 | N51: 0.00011853952 | O51: 0.0010357753 | P51: 0.0019210705
A52: 750 | B52: 0.0020754993 | C52: -0.0026850624 | D52: -0.0013596668 | E52: 0.0082105029 | F52: -0.00094535423 | G52: 0.00036664316 | H52: #NUM! | I52: #NUM! | J52: #NUM! | K52: #NUM! | L52: -0.0016157826 | M52: 0.00055347895 | N52: -0.00043624077 | O52: -0.00097133052 | P52: -0.00096608473
A53: 749 | B53: -0.00034976166 | C53: -0.0051782548 | D53: -0.0023902368 | E53: 0.0027453898 | F53: -0.0035359529 | G53: -0.00092146407 | H53: -0.0023007621 | I53: -0.001453009 | J53: -0.0014870399 | K53: -0.0024025459 | L53: -0.0028304287 | M53: -0.00028917502 | N53: -0.0035437707 | O53: -0.0031416313 | P53: -0.0053078114
A54: 748 | B54: 0.00051736269 | C54: -0.0026914341 | D54: -0.00065560868 | E54: 0.0097925064 | F54: -0.0033192277 | G54: 0.0009985547 | H54: -0.0012326328 | I54: -0.0002712967 | J54: -2.505099e-05 | K54: -0.00085721392 | L54: -0.00098427425 | M54: 0.0012587328 | N54: -0.00097377597 | O54: -0.0010367194 | P54: 2.5858976e-05
A55: 747 | B55: -0.00025832052 | C55: -0.0033789218 | D55: 0.0017658708 | E55: 0.010802272 | F55: -0.0016258202 | G55: 0.0022495815 | H55: -0.001694491 | I55: -0.00078987978 | J55: -0.0016507002 | K55: 0.001238977 | L55: 0.0016684374 | M55: 0.0015997662 | N55: 0.0004669144 | O55: -0.00016102761 | P55: -0.00042762637
A56: 746 | B56: -0.00083504887 | C56: -0.0030997295 | D56: 0.003506179 | E56: 0.0069655371 | F56: -0.0067097794 | G56: 0.0019679786 | H56: #NUM! | I56: #NUM! | J56: #NUM! | K56: -0.0012522148 | L56: 0.0028064641 | M56: 0.00045829843 | N56: 0.00036926988 | O56: -0.00097193298 | P56: -0.0018887993
A57: 745 | B57: -0.0001963075 | C57: -0.0052030274 | D57: 0.001465037 | E57: 0.0047827109 | F57: -0.0069892444 | G57: 0.0020421534 | H57: #NUM! | I57: #NUM! | J57: #NUM! | K57: #NUM! | L57: -0.00052023437 | M57: -0.0021822529 | N57: 0.0017761855 | O57: 0.0010498915 | P57: 0.00034275108
A58: 744 | B58: 0.0012815722 | C58: -0.0044468285 | D58: -0.00042956537 | E58: 0.0086050338 | F58: -0.00019077976 | G58: 0.0020855856 | H58: #NUM! | I58: #NUM! | J58: 0.00017643387 | K58: -0.00027869783 | L58: -0.00021542541 | M58: 0.001939384 | N58: -0.00044951822 | O58: -1.9805611e-05 | P58: 0.0018436137
A59: 743 | B59: 0.0026362804 | C59: -0.0015857787 | D59: -0.00050372559 | E59: 0.003304337 | F59: -0.0002918856 | G59: 0.0017732622 | H59: #NUM! | I59: -0.00028582519 | J59: -0.0006354392 | K59: -0.00020444628 | L59: 0.000580203 | M59: 0.0020582526 | N59: 7.0827197e-06 | O59: -0.0003038453 | P59: -5.9642818e-05
A60: 742 | B60: 0.0023277505 | C60: -0.0024560528 | D60: 0.00092347223 | E60: 0.0068992922 | F60: -0.0016366879 | G60: 0.0020639588 | H60: -0.0006403955 | I60: -0.00063794332 | J60: 4.5208909e-05 | K60: -0.0010395548 | L60: 0.0014295597 | M60: 0.0015874798 | N60: 0.00092348657 | O60: 1.8212937e-05 | P60: 0.0046106555
A61: 741 | B61: 0.00096849676 | C61: -0.002108911 | D61: -0.0004515279 | E61: 0.0069877911 | F61: -0.0018333778 | G61: 0.0013656966 | H61: #NUM! | I61: #NUM! | J61: -0.00021714109 | K61: -0.0010668927 | L61: -0.00035025458 | M61: 0.00086586518 | N61: 0.0005373608 | O61: -0.0002047396 | P61: 0.0035370418
A62: 740 | B62: 0.0022166329 | C62: -0.0010835907 | D62: 0.00042154728 | E62: 0.0069053457 | F62: -0.0031238367 | G62: 0.0013716457 | H62: #NUM! | I62: #NUM! | J62: 0.00052055468 | K62: 0.00052249621 | L62: 0.00060452562 | M62: 0.0017650584 | N62: 0.0010232475 | O62: 0.0014310236 | P62: 0.0034301545
A63: 739 | B63: 0.003342889 | C63: -0.0018567263 | D63: 0.0014699593 | E63: 0.0149778 | F63: -0.00059926897 | G63: 0.0026168583 | H63: #NUM! | I63: -8.9215814e-05 | J63: #NUM! | K63: 0.00022684105 | L63: 0.00077473918 | M63: 0.0014350314 | N63: 0.0008362947 | O63: -6.315573e-05 | P63: 0.0033347895
A64: 738 | B64: 0.0044051667 | C64: 0.00023082282 | D64: 0.00053966053 | E64: 0.01057662 | F64: 0.00015673656 | G64: 0.0025078561 | H64: #NUM! | I64: #NUM! | J64: #NUM! | K64: 0.00030030273 | L64: 0.0011174795 | M64: 0.0033018905 | N64: 0.00066224041 | O64: 0.0015480296 | P64: 0.0037508021
A65: 737 | B65: 0.0045794652 | C65: -0.00067636818 | D65: 0.0004432716 | E65: 0.01570309 | F65: 0.00098297342 | G65: 0.0028262201 | H65: #NUM! | I65: #NUM! | J65: #NUM! | K65: 2.5329862e-05 | L65: 0.00066396872 | M65: 0.0022397684 | N65: 0.0012424219 | O65: 0.00047685979 | P65: 0.0036674615
A66: 736 | B66: 0.0023706216 | C66: -0.0030257444 | D66: -0.0013452684 | E66: 0.009167314 | F66: -0.0032047412 | G66: 0.0015651843 | H66: #NUM! | I66: #NUM! | J66: #NUM! | K66: -0.001169502 | L66: -0.001034262 | M66: 0.0017982646 | N66: -8.3844187e-05 | O66: 0.00034337516 | P66: 0.001031613
A67: 735 | B67: 0.0020148706 | C67: -0.0053479048 | D67: -0.0011829012 | E67: 0.0080263423 | F67: -0.0057024112 | G67: -0.0002397575 | H67: #NUM! | I67: #NUM! | J67: -0.00028200396 | K67: -0.0020552886 | L67: -0.0031671034 | M67: 0.00039346379 | N67: -0.00056452281 | O67: -0.0019975546 | P67: -0.0018322044
A68: 734 | B68: -0.00034988635 | C68: -0.0032240222 | D68: -0.0020742106 | E68: 0.0047987161 | F68: -0.0069463068 | G68: -2.2939566e-06 | H68: -0.0020866487 | I68: -0.0018396206 | J68: -0.00071431494 | K68: -0.0011198484 | L68: -0.0032569 | M68: 0.0011185527 | N68: -0.0022929208 | O68: -0.0022365323 | P68: -0.0045503402
A69: 733 | B69: 0.0042589672 | C69: -0.0021761309 | D69: -6.0513354e-05 | E69: 0.012607586 | F69: -0.00243946 | G69: 0.002811257 | H69: -0.00014233216 | I69: -0.0015067055 | J69: -0.00041655086 | K69: -0.00060531923 | L69: 0.001748283 | M69: 0.0019015581 | N69: -0.00055618575 | O69: -0.00022479727 | P69: 0.0011132264
A70: 732 | B70: 0.00059492771 | C70: -0.0045470484 | D70: 0.0010909767 | E70: 0.0093867172 | F70: -0.0073366858 | G70: 0.0032722604 | H70: -0.0024465652 | I70: #NUM! | J70: 8.5518779e-05 | K70: -0.001512725 | L70: 0.0015590168 | M70: 0.0013877753 | N70: -0.00086817728 | O70: -0.0010255663 | P70: -0.00020333518
A71: 731 | B71: 0.0025891744 | C71: -0.00063616225 | D71: 0.0031910367 | E71: 0.01250393 | F71: -0.0027534018 | G71: 0.0051872856 | H71: #NUM! | I71: #NUM! | J71: 0.00025554053 | K71: 0.0016780152 | L71: 0.0049225244 | M71: 0.0035459591 | N71: 0.0012281878 | O71: 0.0013801842 | P71: 0.0024124229
A72: 730 | B72: 0.0036117246 | C72: -0.0018648655 | D72: 0.00070064417 | E72: 0.015466522 | F72: -0.006655161 | G72: 0.00333207 | H72: #NUM! | I72: #NUM! | J72: #NUM! | K72: -0.0013331521 | L72: 0.0029288788 | M72: 0.0019591235 | N72: 0.0041012275 | O72: 0.0014630361 | P72: 0.0025362661
A73: 729 | B73: 0.0020180471 | C73: -0.0032290397 | D73: -0.00040912822 | E73: 0.013505838 | F73: -0.0026510674 | G73: 0.0024828699 | H73: -0.00079093471 | I73: #NUM! | J73: 0.00020846888 | K73: -0.0003774677 | L73: -0.0011522767 | M73: 0.0017088121 | N73: 0.0010493826 | O73: 0.00041098702 | P73: 0.0039746508
A74: 728 | B74: 0.0027546298 | C74: -0.0038479684 | D74: 0.00052310627 | E74: 0.011747436 | F74: -0.00024066206 | G74: 0.0017051839 | H74: #NUM! | I74: #NUM! | J74: -0.00026981277 | K74: -0.0006353765 | L74: -0.00073865165 | M74: 0.0013350613 | N74: 0.00043988295 | O74: -0.0014913601 | P74: 0.0030444543
A75: 727 | B75: 0.0039316964 | C75: -0.0036881157 | D75: 0.001255104 | E75: 0.014960423 | F75: 0.00061658191 | G75: 0.0022819829 | H75: #NUM! | I75: #NUM! | J75: 0.00022102471 | K75: -0.00029332029 | L75: -0.00066135239 | M75: 0.0025118784 | N75: 0.0019456511 | O75: 0.00027657695 | P75: 0.00568784
A76: 726 | B76: 0.0034791801 | C76: -0.002593667 | D76: 0.0023292616 | E76: 0.016195338 | F76: -0.003548434 | G76: 0.0023188435 | H76: -0.00040038754 | I76: #NUM! | J76: 0.00060331427 | K76: -0.0012511944 | L76: 0.00080967003 | M76: 0.0028434974 | N76: 0.00079171441 | O76: -0.00089399581 | P76: 0.0063093507
A77: 725 | B77: 0.0032072674 | C77: -0.0019743504 | D77: 0.00068177999 | E77: 0.010721816 | F77: -0.0029957251 | G77: 0.0027026277 | H77: #NUM! | I77: #NUM! | J77: 0.00036224826 | K77: -0.00023891826 | L77: 0.00075332427 | M77: 0.0018886252 | N77: 0.001843909 | O77: -0.00048921193 | P77: 0.0064821767
A78: 724 | B78: 0.0027683682 | C78: -0.0035200269 | D78: 0.001448999 | E78: 0.013895329 | F78: -0.0016603434 | G78: 0.0026835991 | H78: #NUM! | I78: #NUM! | J78: -0.00025170814 | K78: -0.00048357617 | L78: 6.5386619e-05 | M78: 0.001587975 | N78: 0.00099921865 | O78: -0.00100547 | P78: 0.0051610168
A79: 723 | B79: 0.0032960534 | C79: -0.0024357262 | D79: 0.0020119193 | E79: 0.016597353 | F79: -0.0038087726 | G79: 0.0029360459 | H79: -0.00013441016 | I79: -0.00030362916 | J79: 0.00032717498 | K79: -0.00012507866 | L79: 0.00023432792 | M79: 0.0020547563 | N79: 0.0013312185 | O79: 0.00098356022 | P79: 0.0050524391
A80: 722 | B80: 0.0048621273 | C80: 0.00038448885 | D80: 0.002137836 | E80: 0.014295117 | F80: -0.00089250669 | G80: 0.0029946212 | H80: -0.0010854319 | I80: #NUM! | J80: 0.00020502356 | K80: -4.4046372e-05 | L80: 0.00040634327 | M80: 0.0044817883 | N80: 0.0016516787 | O80: 0.0020421425 | P80: 0.0030847665
A81: 721 | B81: 0.0052628505 | C81: -0.0007232884 | D81: 0.0015338756 | E81: 0.0124616 | F81: -0.00040543984 | G81: 0.0035620173 | H81: -0.00046448349 | I81: -0.00038323582 | J81: 0.00011311159 | K81: 0.00036556804 | L81: 0.0013244544 | M81: 0.0042057257 | N81: 0.0011599527 | O81: 0.0031816326 | P81: 0.0045769953
A82: 720 | B82: 0.0055823792 | C82: -0.0018095173 | D82: 0.0011441437 | E82: 0.014773009 | F82: -0.0038257121 | G82: 0.0032005052 | H82: -0.000565807 | I82: #NUM! | J82: 0.0004862514 | K82: -0.00039174585 | L82: 0.001237407 | M82: 0.0054219536 | N82: 0.0024289532 | O82: 0.001469604 | P82: 0.0060701397
A83: 719 | B83: 0.0060151953 | C83: -0.00017694578 | D83: 0.0016005585 | E83: 0.020094116 | F83: -0.0017540182 | G83: 0.0034979227 | H83: -0.00030442905 | I83: 0.00010338222 | J83: 0.0011319841 | K83: 0.00073876943 | L83: 0.00092488774 | M83: 0.0054130016 | N83: 0.002337974 | O83: 0.0017707884 | P83: 0.0073236196
A84: 718 | B84: 0.0043584427 | C84: 0.00073515164 | D84: 0.0047593338 | E84: 0.015979867 | F84: -0.0015357288 | G84: 0.0052054669 | I84: #NUM! | J84: 0.00016425122 | K84: 0.0014638326 | L84: 0.0061840435 | M84: 0.0041059958 | N84: 0.0034973345 | O84: 0.0023825255 | P84: 0.00821006
A85: 717 | B85: 0.0049642448 | C85: -0.0019708644 | D85: 0.0023098286 | E85: 0.019933887 | F85: -0.0046212288 | G85: 0.0045097077 | I85: -4.4726373e-06 | J85: 6.5656862e-05 | K85: -0.00033704759 | L85: 0.0028149751 | M85: 0.002317193 | N85: 0.00060118402 | O85: 0.0032201042 | P85: 0.005212777
A86: 716 | B86: 0.007388207 | C86: -0.0025498885 | D86: 0.0023901016 | E86: 0.018137611 | F86: -0.0016882516 | G86: 0.0032888561 | H86: -0.0010541647 | I86: -9.2797482e-05 | J86: 0.00055221903 | K86: 0.0018198554 | L86: 0.0012992904 | M86: 0.0021444143 | N86: 0.00070225904 | O86: 0.0044229382 | P86: 0.007266278
A87: 715 | B87: 0.0073610349 | C87: -0.00032920916 | D87: 0.0030383102 | E87: 0.021267756 | F87: 7.9588908e-05 | G87: 0.0020937516 | H87: -0.00055408101 | I87: 7.511586e-05 | J87: 0.00078242829 | K87: 0.0015422853 | L87: 4.6470904e-05 | M87: 0.0044847365 | N87: 0.0014613519 | O87: 0.0038699829 | P87: 0.0075627802
A88: 714 | B88: 0.0052943147 | C88: -0.0016644605 | D88: 0.0026042096 | E88: 0.015359179 | F88: -0.001888417 | G88: 0.0023245172 | H88: -0.00076780545 | I88: -0.00073309981 | J88: 0.00050676224 | K88: 0.0001942754 | L88: -0.0010809126 | M88: 0.0038423658 | N88: 0.0009292982 | O88: 0.0025220179 | P88: 0.0081803569
A89: 713 | B89: 0.0070891215 | C89: -0.00098309105 | D89: 0.0033471058 | E89: 0.018628121 | F89: 0.0028544095 | G89: 0.0037993358 | H89: 0.0001264035 | I89: -6.7062984e-05 | J89: 0.00041286895 | K89: -3.5275083e-05 | L89: 0.0011433884 | M89: 0.0045569081 | N89: 0.0014355956 | O89: 0.0060554267 | P89: 0.008692886
A90: 712 | B90: 0.0077671874 | C90: 0.0020130366 | D90: 0.0033676402 | E90: 0.024268761 | F90: 0.0047695108 | G90: 0.0051996638 | H90: 1.8113551e-05 | I90: #NUM! | J90: 0.0011919211 | K90: -0.0003608223 | L90: 0.0027075292 | M90: 0.0069858846 | N90: 0.003208915 | O90: 0.0071641407 | P90: 0.01198979
A91: 711 | B91: 0.0090572328 | C91: 0.0019777759 | D91: 0.0045299 | E91: 0.027043642 | F91: 0.0027940954 | G91: 0.00515628 | H91: 0.00024102995 | I91: #NUM! | J91: 0.0011938825 | K91: -0.00039848717 | L91: 0.0023140667 | M91: 0.0063269944 | N91: 0.0037060361 | O91: 0.008122575 | P91: 0.0095281812
A92: 710 | B92: 0.0097898545 | C92: 0.0017023442 | D92: 0.0045146369 | E92: 0.030663784 | F92: 0.0061144635 | G92: 0.0060766836 | H92: 0.00032281164 | I92: #NUM! | J92: #NUM! | K92: 0.00011869214 | L92: 0.0030327989 | M92: 0.0066910526 | N92: 0.0055308766 | O92: 0.0090327422 | P92: 0.014142507
A93: 709 | B93: 0.0081591185 | C93: 0.00035119943 | D93: 0.0047212991 | E93: 0.026571244 | F93: 0.0046862369 | G93: 0.0047714654 | H93: 3.071422e-05 | I93: #NUM! | J93: #NUM! | K93: -6.0904929e-05 | L93: 0.0028146222 | M93: 0.0085044026 | N93: 0.0044388651 | O93: 0.0091495871 | P93: 0.012244588
A94: 708 | B94: 0.00934387 | C94: 0.0041608578 | D94: 0.0047003852 | E94: 0.024603897 | F94: 0.0061927454 | G94: 0.0053443235 | H94: 0.0004750794 | I94: #NUM! | J94: 0.0011879369 | K94: -0.00055017227 | L94: 0.0030121792 | M94: 0.0060139122 | N94: 0.0041849164 | O94: 0.0095546984 | P94: 0.013874718
A95: 707 | B95: 0.012290393 | C95: 0.0047157823 | D95: 0.0062749566 | E95: 0.032040124 | F95: 0.0066594572 | G95: 0.006927999 | H95: 0.00034941721 | I95: #NUM! | J95: 0.0021122444 | K95: 0.0014747475 | L95: 0.0046562695 | M95: 0.008136915 | N95: 0.0055949662 | O95: 0.01275004 | P95: 0.014213987
A96: 706 | B96: 0.008774154 | C96: 0.0019103075 | D96: 0.0063345829 | E96: 0.028795875 | F96: 0.0066306478 | G96: 0.0065753473 | H96: 0.00066318336 | I96: #NUM! | J96: 0.0022911084 | K96: -0.00016049031 | L96: 0.0043205731 | M96: 0.0095109997 | N96: 0.0061380163 | O96: 0.01196056 | P96: 0.013932377
A97: 705 | B97: 0.0133486 | C97: 0.0074143216 | D97: 0.0070756298 | E97: 0.028073702 | F97: 0.010313377 | G97: 0.007690645 | H97: 0.00071309479 | I97: #NUM! | J97: 0.002556699 | K97: 0.00082513444 | L97: 0.0042521101 | M97: 0.010831141 | N97: 0.0063446147 | O97: 0.014204285 | P97: 0.018386513
A98: 704 | B98: 0.012459136 | C98: 0.0064572892 | D98: 0.0069923883 | E98: 0.026589653 | F98: 0.0082985594 | G98: 0.0077031553 | H98: 0.00067988642 | I98: #NUM! | J98: 0.0018937476 | K98: 0.0011676001 | L98: 0.0048807477 | M98: 0.010686426 | N98: 0.0067095735 | O98: 0.015261546 | P98: 0.019900195
A99: 703 | B99: 0.01293787 | C99: 0.0082450454 | D99: 0.0078133365 | E99: 0.031533859 | F99: 0.008038872 | G99: 0.0085540252 | H99: 0.00098592098 | I99: #NUM! | J99: #NUM! | K99: 0.00058923267 | L99: 0.0041787913 | M99: 0.010572969 | N99: 0.0073967652 | O99: 0.01602797 | P99: 0.024526823
A100: 702 | B100: 0.014068602 | C100: 0.011313164 | D100: 0.008699715 | E100: 0.031028004 | F100: 0.012249458 | G100: 0.0079205377 | H100: 0.001205524 | I100: #NUM! | J100: #NUM! | K100: 0.0014540087 | L100: 0.0059155014 | M100: 0.013812038 | N100: 0.0085456916 | O100: 0.017957574 | P100: 0.024491859
...

Sheet aCDOM
A1: Wavelength (nm) | B1: E3 | C1: E2 | D1: E1 | E1: E4 | F1: E5 | G1: E24 | H1: E25 | I1: E27 | J1: E31 | K1: E12 | L1: E13 | M1: E14 | N1: E10 | O1: E9 | P1: E7 | AH1: ESPECTROS MODELADOS | AI1: =+A1 -> Wavelength (nm) | AJ1: SC-23-0513 | AK1: SC-23-0516 | AL1: SC-23-0519 | AM1: SC-23-0522 | AN1: SC-23-0523 | AO1: SC-23-0526 | AP1: SC-23-0527 | AQ1: SC-23-0528 | AR1: SC-23-0530 | AS1: SC-23-0532 | AT1: SC-23-0538 | AU1: SC-23-0541 | AV1: SC-23-0544 | AW1: SC-23-0545 | AX1: SC-23-0548 | AY1: =+Q1 -> 0 | AZ1: =+R1 -> 0 | BA1: =+S1 -> 0 | BB1: =+T1 -> 0 | BC1: =+U1 -> 0 | BD1: =+V1 -> 0 | BE1: =+W1 -> 0 | BF1: =+X1 -> 0 | ... BO1: =+AG1 -> 0
A2: 800 | B2: -0.021080647 | C2: -0.0462068 | D2: -0.019724166 | E2: -0.08278526 | F2: -0.057539167 | G2: -0.0015180273 | H2: -0.00015116823 | I2: -0.0051019637 | J2: -0.0070720388 | K2: -0.017377287 | L2: -0.024057079 | M2: -0.058440258 | N2: -0.069398909 | O2: -0.058065855 | P2: -0.069396679 | AI2: 800 | AJ2: 0.00056112708 | AK2: 0.00067007796 | AL2: 0.00042354199 | AM2: 0.0011305665 | AN2: 0.00086196427 | AO2: 0.00033186946 | AP2: 0.00021566458 | AQ2: 0.00021418712 | AR2: 0.00017956334 | AS2: 0.00023531044 | AT2: 0.00036156413 | AU2: 0.00088437764 | AV2: 0.00083042479 | AW2: 0.00085773798 | AX2: 0.0009343342
A3: 799 | B3: -0.021442009 | C3: -0.048970033 | D3: -0.023297292 | E3: -0.091956234 | F3: -0.061240641 | G3: -0.0030410334 | H3: -0.0039096067 | I3: -0.0064715693 | J3: -0.0067216581 | K3: -0.019570856 | L3: -0.030835446 | M3: -0.060251528 | N3: -0.079255889 | O3: -0.069350437 | P3: -0.076049102 | AI3: 799 | AJ3: 0.00057151882 | AK3: 0.00068243963 | AL3: 0.00043149359 | AM3: 0.00115155 | AN3: 0.00087805902 | AO3: 0.00033799858 | AP3: 0.00021959047 | AQ3: 0.00021814283 | AR3: 0.00018289423 | AS3: 0.00023965386 | AT3: 0.00036816435 | AU3: 0.00090089991 | AV3: 0.0008452119 | AW3: 0.00087385868 | AX3: 0.00095194207
A4: 798 | B4: -0.02251786 | C4: -0.048765161 | D4: -0.02140572 | E4: -0.086125372 | F4: -0.057919749 | G4: -0.0064391422 | H4: -0.0029631335 | I4: -0.0079482483 | J4: -0.006445404 | K4: -0.016889641 | L4: -0.028154574 | M4: -0.060764918 | N4: -0.07921368 | O4: -0.064157191 | P4: -0.074137282 | AI4: 798 | AJ4: 0.000582103 | AK4: 0.00069502934 | AL4: 0.00043959448 | AM4: 0.0011729229 | AN4: 0.0008944543 | AO4: 0.0003442409 | AP4: 0.00022358783 | AQ4: 0.00022217159 | AR4: 0.00018628691 | AS4: 0.00024407746 | AT4: 0.00037488504 | AU4: 0.00091773085 | AV4: 0.00086026232 | AW4: 0.00089028236 | AX4: 0.00096988178
A5: 797 | B5: -0.022163704 | C5: -0.046710922 | D5: -0.024925653 | E5: -0.087504929 | F5: -0.060516202 | G5: -0.0083955752 | H5: -0.0012867292 | I5: -0.0074527049 | J5: -0.0081080802 | K5: -0.018051283 | L5: -0.026766093 | M5: -0.061360667 | N5: -0.07493945 | O5: -0.066600586 | P5: -0.075099883 | AI5: 797 | AJ5: 0.0005928832 | AK5: 0.00070785131 | AL5: 0.00044784745 | AM5: 0.0011946925 | AN5: 0.00091115572 | AO5: 0.0003505985 | AP5: 0.00022765796 | AQ5: 0.00022627476 | AR5: 0.00018974252 | AS5: 0.00024858271 | AT5: 0.00038172843 | AU5: 0.00093487624 | AV5: 0.00087558074 | AW5: 0.00090701471 | AX5: 0.00098815956
A6: 796 | B6: -0.02295575 | C6: -0.045993689 | D6: -0.020112298 | E6: -0.083516907 | F6: -0.056555289 | G6: -0.0053838799 | H6: 0.0045300662 | I6: -0.0067745935 | J6: -0.0069488398 | K6: -0.015446936 | L6: -0.025412272 | M6: -0.057443337 | N6: -0.070274002 | O6: -0.058807796 | P6: -0.067717529 | AI6: 796 | AJ6: 0.00060386304 | AK6: 0.00072090983 | AL6: 0.00045625537 | AM6: 0.0012168661 | AN6: 0.00092816899 | AO6: 0.00035707352 | AP6: 0.00023180218 | AQ6: 0.00023045371 | AR6: 0.00019326224 | AS6: 0.00025317113 | AT6: 0.00038869673 | AU6: 0.00095234195 | AV6: 0.00089117193 | AW6: 0.00092406153 | AX6: 0.0010067818
A7: 795 | B7: -0.023097822 | C7: -0.043467929 | D7: -0.020451353 | E7: -0.086651798 | F7: -0.056745408 | G7: -0.0040578586 | H7: 0.0047397451 | I7: -0.0051084835 | J7: -0.0016159186 | K7: -0.01430348 | L7: -0.026527588 | M7: -0.057638604 | N7: -0.069932546 | O7: -0.063690128 | P7: -0.069785838 | AI7: 795 | AJ7: 0.00061504621 | AK7: 0.00073420924 | AL7: 0.00046482113 | AM7: 0.0012394514 | AN7: 0.00094549993 | AO7: 0.00036366812 | AP7: 0.00023602184 | AQ7: 0.00023470984 | AR7: 0.00019684724 | AS7: 0.00025784423 | AT7: 0.00039579224 | AU7: 0.00097013396 | AV7: 0.00090704074 | AW7: 0.00094142875 | AX7: 0.001025755
A8: 794 | B8: -0.017120768 | C8: -0.040762006 | D8: -0.015275952 | E8: -0.078956815 | F8: -0.053413879 | G8: -0.0021803563 | H8: 0.0048358309 | I8: -0.0015264388 | J8: -0.0028335009 | K8: -0.016351886 | L8: -0.022228651 | M8: -0.058910406 | N8: -0.064540258 | O8: -0.061771446 | P8: -0.069369227 | AI8: 794 | AJ8: 0.0006264365 | AK8: 0.00074775401 | AL8: 0.00047354771 | AM8: 0.0012624557 | AN8: 0.00096315448 | AO8: 0.00037038452 | AP8: 0.00024031831 | AQ8: 0.00023904457 | AR8: 0.00020049875 | AS8: 0.00026260359 | AT8: 0.00040301728 | AU8: 0.00098825836 | AV8: 0.00092319213 | AW8: 0.00095912237 | AX8: 0.0010450857
A9: 793 | B9: -0.021368228 | C9: -0.040145322 | D9: -0.018212486 | E9: -0.081581749 | F9: -0.052481816 | G9: -0.00013469349 | H9: 0.0063739378 | I9: -0.0023696131 | J9: -0.0011045904 | K9: -0.014345005 | L9: -0.017831563 | M9: -0.058257344 | N9: -0.067124696 | O9: -0.058470455 | P9: -0.067810529 | AI9: 793 | AJ9: 0.00063803772 | AK9: 0.00076154865 | AL9: 0.00048243812 | AM9: 0.0012858871 | AN9: 0.00098113868 | AO9: 0.00037722495 | AP9: 0.00024469299 | AQ9: 0.00024345936 | AR9: 0.00020421799 | AS9: 0.00026745081 | AT9: 0.0004103742 | AU9: 0.0010067214 | AV9: 0.00093963111 | AW9: 0.00097714853 | AX9: 0.0010647807
A10: 792 | B10: -0.019550781 | C10: -0.040928446 | D10: -0.018864176 | E10: -0.084531671 | F10: -0.051636237 | G10: -0.0020355344 | H10: 0.0059628154 | I10: -0.0017354291 | J10: 0.0015958429 | K10: -0.013848433 | L10: -0.024139784 | M10: -0.061381942 | N10: -0.066896487 | O10: -0.062708995 | P10: -0.07033423 | AI10: 792 | AJ10: 0.0006498538 | AK10: 0.00077559778 | AL10: 0.00049149544 | AM10: 0.0013097533 | AN10: 0.00099945868 | AO10: 0.00038419172 | AP10: 0.00024914731 | AQ10: 0.00024795568 | AR10: 0.00020800622 | AS10: 0.00027238749 | AT10: 0.00041786542 | AU10: 0.0010255293 | AV10: 0.00095636283 | AW10: 0.00099551348 | AX10: 0.0010848469
A11: 791 | B11: -0.019915573 | C11: -0.042210885 | D11: -0.016927304 | E11: -0.081071795 | F11: -0.048673962 | G11: 0.0032699304 | H11: 0.010072664 | I11: 0.00022649429 | J11: -0.0004827597 | K11: -0.012982606 | L11: -0.020080383 | M11: -0.053696225 | N11: -0.064820973 | O11: -0.056690416 | P11: -0.064453264 | AI11: 791 | AJ11: 0.0006618887 | AK11: 0.00078990609 | AL11: 0.00050072281 | AM11: 0.0013340625 | AN11: 0.0010181208 | AO11: 0.00039128716 | AP11: 0.00025368271 | AQ11: 0.00025253504 | AR11: 0.00021186473 | AS11: 0.0002774153 | AT11: 0.0004254934 | AU11: 0.0010446886 | AV11: 0.00097339247 | AW11: 0.0010142236 | AX11: 0.0011052913
A12: 790 | B12: -0.015959123 | C12: -0.040303181 | D12: -0.020007629 | E12: -0.082786975 | F12: -0.049643428 | G12: 0.00084609433 | H12: 0.008531128 | I12: -0.0021626817 | J12: -0.00013958506 | K12: -0.0086229255 | L12: -0.019000414 | M12: -0.059396339 | N12: -0.063946908 | O12: -0.063751556 | P12: -0.066765566 | AI12: 790 | AJ12: 0.00067414647 | AK12: 0.00080447836 | AL12: 0.0005101234 | AM12: 0.0013588229 | AN12: 0.0010371313 | AO12: 0.00039851363 | AP12: 0.00025830068 | AQ12: 0.00025719898 | AR12: 0.00021579481 | AS12: 0.00028253591 | AT12: 0.00043326062 | AU12: 0.0010642059 | AV12: 0.00099072536 | AW12: 0.0010332854 | AX12: 0.0011261209
A13: 789 | B13: -0.017448496 | C13: -0.041837854 | D13: -0.019235145 | E13: -0.081778731 | F13: -0.05276768 | G13: -0.00085364403 | H13: 0.0025321077 | I13: -0.00012491357 | J13: -0.0011272381 | K13: -0.013553646 | L13: -0.021515191 | M13: -0.060200738 | N13: -0.065156596 | O13: -0.06201544 | P13: -0.070842813 | AI13: 789 | AJ13: 0.00068663126 | AK13: 0.00081931945 | AL13: 0.00051970049 | AM13: 0.0013840429 | AN13: 0.0010564968 | AO13: 0.00040587357 | AP13: 0.00026300271 | AQ13: 0.00026194905 | AR13: 0.00021979779 | AS13: 0.00028775104 | AT13: 0.00044116962 | AU13: 0.0010840878 | AV13: 0.0010083669 | AW13: 0.0010527054 | AX13: 0.0011473431
... A552: 250 | B552: 2.7049368 | C552: 3.242931 | D552: 2.4179433 | E552: 4.1724473 | F552: 4.2557251 | G552: 1.9695385 | H552: 1.0706762 | I552: 1.3586454 | J552: 1.5801288 | K552: 1.7416747 | L552: 2.4261355 | M552: 4.2108024 | N552: 2.8306745 | O552: 4.4506424 | P552: 4.6645804 | AI552: 250 | AJ552: 13.557459 | AK552: 15.578371 | AL552: 11.741647 | AM552: 27.923358 | AN552: 22.617032 | AO552: 7.8008378 | AP552: 4.3938848 | AQ552: 5.0346271 | AR552: 4.4106296 | AS552: 5.5008085 | AT552: 7.5717853 | AU552: 23.333115 | AV552: 13.652557 | AW552: 24.041659 | AX552: 26.918765

Sheet ax(443)
B1: =+aCDOM!B1 -> E3 | C1: =+aCDOM!C1 -> E2 | D1: =+aCDOM!D1 -> E1 | E1: =+aCDOM!E1 -> E4 | F1: =+aCDOM!F1 -> E5 | G1: =+aCDOM!G1 -> E24 | H1: =+aCDOM!H1 -> E25 | I1: =+aCDOM!I1 -> E27 | ... AG1: =+aCDOM!AG1 -> 0
A2: ap (443) | B2: =+ap!B359 -> 0.43450072 | C2: =+ap!C359 -> 0.80901301 | D2: =+ap!D359 -> 0.37718041 | E2: =+ap!E359 -> 2.0044174 | F2: =+ap!F359 -> 0.6526502 | G2: =+ap!G359 -> 0.25250739 | H2: =+ap!H359 -> 0.090390764 | I2: =+ap!I359 -> 0.039898015 | ... AG2: =+ap!AG359 -> 0
A3: ad (443) | B3: =+ad!B359 -> 0.22081783 | C3: =+ad!C359 -> 0.51130763 | D3: =+ad!D359 -> 0.14670572 | E3: =+ad!E359 -> 1.6125823 | F3: =+ad!F359 -> 0.37903281 | G3: =+ad!G359 -> 0.058026398 | H3: =+ad!H359 -> 0.023357103 | I3: =+ad!I359 -> 6.6307167e-05 | ... AG3: =+ad!AG359 -> 0
A4: aphy (443) | B4: =+aphy!B359 -> 0.21368289 | C4: =+aphy!C359 -> 0.29770539 | D4: =+aphy!D359 -> 0.23047469 | E4: =+aphy!E359 -> 0.39183507 | F4: =+aphy!F359 -> 0.27361739 | G4: =+aphy!G359 -> 0.19448099 | H4: =+aphy!H359 -> 0.067033661 | I4: =+aphy!I359 -> 0.039831708 | ... AG4: =+aphy!AG359 -> 0
A5: aCDOM (443) | B5: =+aCDOM!B359 -> 0.3959742 | C5: =+aCDOM!C359 -> 0.46405009 | D5: =+aCDOM!D359 -> 0.324961 | E5: =+aCDOM!E359 -> 0.81063146 | F5: =+aCDOM!F359 -> 0.6392263 | G5: =+aCDOM!G359 -> 0.22728671 | H5: =+aCDOM!H359 -> 0.13763412 | I5: =+aCDOM!I359 -> 0.14570668 | ... AG5: =+aCDOM!AG359 -> 0
A6: aCDOM (443)-Modelado | B6: =+aCDOM!AJ359 -> 0.39273777 | C6: =+aCDOM!AK359 -> 0.45741853 | D6: =+aCDOM!AL359 -> 0.32411467 | E6: =+aCDOM!AM359 -> 0.80267414 | F6: =+aCDOM!AN359 -> 0.63648353 | G6: =+aCDOM!AO359 -> 0.22816896 | H6: =+aCDOM!AP359 -> 0.13513159 | I6: =+aCDOM!AQ359 -> 0.14725927 | ... AG6: =+aCDOM!BO359 -> 0
A7: TOTAL-CDOM | B7: =SUM(B3:B5) -> 0.83047491 | C7: =SUM(C3:C5) -> 1.2730631 | D7: =SUM(D3:D5) -> 0.7021414 | E7: =SUM(E3:E5) -> 2.8150489 | F7: =SUM(F3:F5) -> 1.2918765 | G7: =SUM(G3:G5) -> 0.4797941 | H7: =SUM(H3:H5) -> 0.22802488 | I7: =SUM(I3:I5) -> 0.1856047 | ... AG7: =SUM(AG3:AG5) -> 0
A8: TOTAL-CDOM Modelado | B8: =SUM(B3:B4,B6) -> 0.82723848 | C8: =SUM(C3:C4,C6) -> 1.2664315 | D8: =SUM(D3:D4,D6) -> 0.70129508 | E8: =SUM(E3:E4,E6) -> 2.8070915 | F8: =SUM(F3:F4,F6) -> 1.2891337 | G8: =SUM(G3:G4,G6) -> 0.48067635 | H8: =SUM(H3:H4,H6) -> 0.22552235 | I8: =SUM(I3:I4,I6) -> 0.18715728 | ... AG8: =SUM(AG3:AG4,AG6) -> 0
A9: codigo | B9: =+aCDOM!AJ1 -> SC-23-0513 | C9: =+aCDOM!AK1 -> SC-23-0516 | D9: =+aCDOM!AL1 -> SC-23-0519 | E9: =+aCDOM!AM1 -> SC-23-0522 | F9: =+aCDOM!AN1 -> SC-23-0523 | G9: =+aCDOM!AO1 -> SC-23-0526 | H9: =+aCDOM!AP1 -> SC-23-0527 | I9: =+aCDOM!AQ1 -> SC-23-0528 | ... P9: =+aCDOM!AX1 -> SC-23-0548 | Q9: =+ap!Q1 -> 0 | R9: =+ap!R1 -> 0 | S9: =+ap!S1 -> 0 | T9: =+ap!T1 -> 0 | U9: =+ap!U1 -> 0 | V9: =+ap!V1 -> 0 | W9: =+ap!W1 -> 0 | X9: =+ap!X1 -> 0 | ... AG9: =+ap!AG1 -> 0
B10: =+B1 -> E3 | C10: =+C1 -> E2 | D10: =+D1 -> E1 | E10: =+E1 -> E4 | F10: =+F1 -> E5 | G10: =+G1 -> E24 | H10: =+H1 -> E25 | I10: =+I1 -> E27 | ... AG10: =+AG1 -> 0
A11: ad (443) | B11: =(B3*100)/B$7 -> 26.589344 | C11: =(C3*100)/C$7 -> 40.163573 | D11: =(D3*100)/D$7 -> 20.894042 | E11: =(E3*100)/E$7 -> 57.284346 | F11: =(F3*100)/F$7 -> 29.33971 | G11: =(G3*100)/G$7 -> 12.094021 | H11: =(H3*100)/H$7 -> 10.243226 | I11: =(I3*100)/I$7 -> 0.035724941 | ... AG11: =(AG3*100)/AG$7 -> #DIV/0!
A12: aphy (443) | B12: =(B4*100)/B$7 -> 25.730204 | C12: =(C4*100)/C$7 -> 23.384967 | D12: =(D4*100)/D$7 -> 32.82454 | E12: =(E4*100)/E$7 -> 13.919299 | F12: =(F4*100)/F$7 -> 21.179841 | G12: =(G4*100)/G$7 -> 40.53426 | H12: =(H4*100)/H$7 -> 29.39752 | I12: =(I4*100)/I$7 -> 21.460507 | ... AG12: =(AG4*100)/AG$7 -> #DIV/0!
A13: aCDOM (443) | B13: =(B5*100)/B$7 -> 47.680453 | C13: =(C5*100)/C$7 -> 36.45146 | D13: =(D5*100)/D$7 -> 46.281418 | E13: =(E5*100)/E$7 -> 28.796355 | F13: =(F5*100)/F$7 -> 49.480449 | G13: =(G5*100)/G$7 -> 47.371719 | H13: =(H5*100)/H$7 -> 60.359254 | I13: =(I5*100)/I$7 -> 78.503768 | ... AG13: =(AG5*100)/AG$7 -> #DIV/0!
B14: =SUM(B11:B13) -> 100 | C14: =SUM(C11:C13) -> 100 | D14: =SUM(D11:D13) -> 100 | E14: =SUM(E11:E13) -> 100 | F14: =SUM(F11:F13) -> 100 | G14: =SUM(G11:G13) -> 100 | H14: =SUM(H11:H13) -> 100 | I14: =SUM(I11:I13) -> 100 | ... AG14: =SUM(AG11:AG13) -> #DIV/0!
B15: =+B1 -> E3 | C15: =+C1 -> E2 | D15: =+D1 -> E1 | E15: =+E1 -> E4 | F15: =+F1 -> E5 | G15: =+G1 -> E24 | H15: =+H1 -> E25 | I15: =+I1 -> E27 | ... AG15: =+AG1 -> 0
A16: ad (443) | B16: =(B3*100)/B$8 -> 26.69337 | C16: =(C3*100)/C$8 -> 40.373886 | D16: =(D3*100)/D$8 -> 20.919257 | E16: =(E3*100)/E$8 -> 57.446731 | F16: =(F3*100)/F$8 -> 29.402133 | G16: =(G3*100)/G$8 -> 12.071823 | H16: =(H3*100)/H$8 -> 10.356891 | I16: =(I3*100)/I$8 -> 0.03542858 | ... AG16: =(AG3*100)/AG$8 -> #DIV/0!
A17: aphy (443) | B17: =(B4*100)/B$8 -> 25.830869 | C17: =(C4*100)/C$8 -> 23.507421 | D17: =(D4*100)/D$8 -> 32.864153 | E17: =(E4*100)/E$8 -> 13.958756 | F17: =(F4*100)/F$8 -> 21.224903 | G17: =(G4*100)/G$8 -> 40.459862 | H17: =(H4*100)/H$8 -> 29.723732 | I17: =(I4*100)/I$8 -> 21.282478 | ... AG17: =(AG4*100)/AG$8 -> #DIV/0!
A18: =+A6 -> aCDOM (443)-Modelado | B18: =(B6*100)/B$8 -> 47.475761 | C18: =(C6*100)/C$8 -> 36.118693 | D18: =(D6*100)/D$8 -> 46.21659 | E18: =(E6*100)/E$8 -> 28.594512 | F18: =(F6*100)/F$8 -> 49.372964 | G18: =(G6*100)/G$8 -> 47.468315 | H18: =(H6*100)/H$8 -> 59.919377 | I18: =(I6*100)/I$8 -> 78.682093 | ... AG18: =(AG6*100)/AG$8 -> #DIV/0!
B19: =SUM(B16:B18) -> 100 | C19: =SUM(C16:C18) -> 100 | D19: =SUM(D16:D18) -> 100 | E19: =SUM(E16:E18) -> 100 | F19: =SUM(F16:F18) -> 100 | G19: =SUM(G16:G18) -> 100 | H19: =SUM(H16:H18) -> 100 | I19: =SUM(I16:I18) -> 100 | ... AG19: =SUM(AG16:AG18) -> #DIV/0!
W20: CDOM
U21: E2 | V21: SC-23-0516 | W21: BC7
U22: E24 | V22: SC-23-0526 | W22: BC18
U23: E12 | V23: SC-23-0532 | W23: BC77
U24: E1 | V24: SC-23-0519 | W24: BC10
U25: E3 | V25: SC-23-0513 | W25: BC01
U26: E5 | V26: SC-23-0523 | W26: BC05
U27: E27 | V27: SC-23-0528 | W27: BC14
U28: E13 | V28: SC-23-0538 | W28: BC26
U29: E25 | V29: SC-23-0527 | W29: BC12
U30: E10 | V30: SC-23-0544 | W30: BC22
U31: E4 | V31: SC-23-0522 | W31: BC4
U32: E9 | V32: SC-23-0545 | W32: BC37
... U35: E31 | V35: SC-23-0530 | W35: BC24

Sheet aphy-Especifico
A1: Wavelength (nm) | B1: =+'ax(443)'!B1 -> E3 | C1: =+'ax(443)'!C1 -> E2 | D1: =+'ax(443)'!D1 -> E1 | E1: =+'ax(443)'!E1 -> E4 | F1: =+'ax(443)'!F1 -> E5 | G1: =+'ax(443)'!G1 -> E24 | H1: =+'ax(443)'!H1 -> E25 | I1: =+'ax(443)'!I1 -> E27 | ... AC1: =+'ax(443)'!AC1 -> 0 | AD1: =+'ax(443)'!#REF! -> #REF!
A2: 800 | B2: =aphy!$B$2/aphy!AQ$3 -> #DIV/0! | C2: =aphy!$B$2/aphy!AR$3 -> #DIV/0! | D2: =aphy!$B$2/aphy!AS$3 -> #DIV/0! | E2: =aphy!$B$2/aphy!AT$3 -> #DIV/0! | F2: =aphy!$B$2/aphy!AU$3 -> #DIV/0! | G2: =aphy!$B$2/aphy!AV$3 -> #DIV/0! | H2: =aphy!$B$2/aphy!AW$3 -> #DIV/0! | I2: =aphy!$B$2/aphy!AX$3 -> #DIV/0! | ... AD2: =aphy!$B$2/aphy!BS$3 -> #DIV/0!
A3: 799 | B3: =aphy!$B$2/aphy!AQ$3 -> #DIV/0! | C3: =aphy!$B$2/aphy!AR$3 -> #DIV/0! | D3: =aphy!$B$2/aphy!AS$3 -> #DIV/0! | E3: =aphy!$B$2/aphy!AT$3 -> #DIV/0! | F3: =aphy!$B$2/aphy!AU$3 -> #DIV/0! | G3: =aphy!$B$2/aphy!AV$3 -> #DIV/0! | H3: =aphy!$B$2/aphy!AW$3 -> #DIV/0! | I3: =aphy!$B$2/aphy!AX$3 -> #DIV/0! | ... AD3: =aphy!$B$2/aphy!BS$3 -> #DIV/0!
A4: 798 | B4: =aphy!$B$2/aphy!AQ$3 -> #DIV/0! | C4: =aphy!$B$2/aphy!AR$3 -> #DIV/0! | D4: =aphy!$B$2/aphy!AS$3 -> #DIV/0! | E4: =aphy!$B$2/aphy!AT$3 -> #DIV/0! | F4: =aphy!$B$2/aphy!AU$3 -> #DIV/0! | G4: =aphy!$B$2/aphy!AV$3 -> #DIV/0! | H4: =aphy!$B$2/aphy!AW$3 -> #DIV/0! | I4: =aphy!$B$2/aphy!AX$3 -> #DIV/0! | ... AD4: =aphy!$B$2/aphy!BS$3 -> #DIV/0!
A5: 797 | B5: =aphy!$B$2/aphy!AQ$3 -> #DIV/0! | C5: =aphy!$B$2/aphy!AR$3 -> #DIV/0! | D5: =aphy!$B$2/aphy!AS$3 -> #DIV/0! | E5: =aphy!$B$2/aphy!AT$3 -> #DIV/0! | F5: =aphy!$B$2/aphy!AU$3 -> #DIV/0! | G5: =aphy!$B$2/aphy!AV$3 -> #DIV/0! | H5: =aphy!$B$2/aphy!AW$3 -> #DIV/0! | I5: =aphy!$B$2/aphy!AX$3 -> #DIV/0! | ... AD5: =aphy!$B$2/aphy!BS$3 -> #DIV/0!
A6: 796 | B6: =aphy!$B$2/aphy!AQ$3 -> #DIV/0! | C6: =aphy!$B$2/aphy!AR$3 -> #DIV/0! | D6: =aphy!$B$2/aphy!AS$3 -> #DIV/0! | E6: =aphy!$B$2/aphy!AT$3 -> #DIV/0! | F6: =aphy!$B$2/aphy!AU$3 -> #DIV/0! | G6: =aphy!$B$2/aphy!AV$3 -> #DIV/0! | H6: =aphy!$B$2/aphy!AW$3 -> #DIV/0! | I6: =aphy!$B$2/aphy!AX$3 -> #DIV/0! | ... AD6: =aphy!$B$2/aphy!BS$3 -> #DIV/0!
A7: 795 | B7: =aphy!$B$2/aphy!AQ$3 -> #DIV/0! | C7: =aphy!$B$2/aphy!AR$3 -> #DIV/0! | D7: =aphy!$B$2/aphy!AS$3 -> #DIV/0! | E7: =aphy!$B$2/aphy!AT$3 -> #DIV/0! | F7: =aphy!$B$2/aphy!AU$3 -> #DIV/0! | G7: =aphy!$B$2/aphy!AV$3 -> #DIV/0! | H7: =aphy!$B$2/aphy!AW$3 -> #DIV/0! | I7: =aphy!$B$2/aphy!AX$3 -> #DIV/0! | ... AD7: =aphy!$B$2/aphy!BS$3 -> #DIV/0!
A8: 794 | B8: =aphy!$B$2/aphy!AQ$3 -> #DIV/0! | C8: =aphy!$B$2/aphy!AR$3 -> #DIV/0! | D8: =aphy!$B$2/aphy!AS$3 -> #DIV/0! | E8: =aphy!$B$2/aphy!AT$3 -> #DIV/0! | F8: =aphy!$B$2/aphy!AU$3 -> #DIV/0! | G8: =aphy!$B$2/aphy!AV$3 -> #DIV/0! | H8: =aphy!$B$2/aphy!AW$3 -> #DIV/0! | I8: =aphy!$B$2/aphy!AX$3 -> #DIV/0! | ... AD8: =aphy!$B$2/aphy!BS$3 -> #DIV/0!
A9: 793 | B9: =aphy!$B$2/aphy!AQ$3 -> #DIV/0! | C9: =aphy!$B$2/aphy!AR$3 -> #DIV/0! | D9: =aphy!$B$2/aphy!AS$3 -> #DIV/0! | E9: =aphy!$B$2/aphy!AT$3 -> #DIV/0! | F9: =aphy!$B$2/aphy!AU$3 -> #DIV/0! | G9: =aphy!$B$2/aphy!AV$3 -> #DIV/0! | H9: =aphy!$B$2/aphy!AW$3 -> #DIV/0! | I9: =aphy!$B$2/aphy!AX$3 -> #DIV/0! | ... AD9: =aphy!$B$2/aphy!BS$3 -> #DIV/0!
A10: 792 | B10: =aphy!$B$2/aphy!AQ$3 -> #DIV/0! | C10: =aphy!$B$2/aphy!AR$3 -> #DIV/0! | D10: =aphy!$B$2/aphy!AS$3 -> #DIV/0! | E10: =aphy!$B$2/aphy!AT$3 -> #DIV/0! | F10: =aphy!$B$2/aphy!AU$3 -> #DIV/0! | G10: =aphy!$B$2/aphy!AV$3 -> #DIV/0! | H10: =aphy!$B$2/aphy!AW$3 -> #DIV/0! | I10: =aphy!$B$2/aphy!AX$3 -> #DIV/0! | ... AD10: =aphy!$B$2/aphy!BS$3 -> #DIV/0!
A11: 791 | B11: =aphy!$B$2/aphy!AQ$3 -> #DIV/0! | C11: =aphy!$B$2/aphy!AR$3 -> #DIV/0! | D11: =aphy!$B$2/aphy!AS$3 -> #DIV/0! | E11: =aphy!$B$2/aphy!AT$3 -> #DIV/0! | F11: =aphy!$B$2/aphy!AU$3 -> #DIV/0! | G11: =aphy!$B$2/aphy!AV$3 -> #DIV/0! | H11: =aphy!$B$2/aphy!AW$3 -> #DIV/0! | I11: =aphy!$B$2/aphy!AX$3 -> #DIV/0! | ... AD11: =aphy!$B$2/aphy!BS$3 -> #DIV/0!
A12: 790 | B12: =aphy!$B$2/aphy!AQ$3 -> #DIV/0! | C12: =aphy!$B$2/aphy!AR$3 -> #DIV/0! | D12: =aphy!$B$2/aphy!AS$3 -> #DIV/0! | E12: =aphy!$B$2/aphy!AT$3 -> #DIV/0! | F12: =aphy!$B$2/aphy!AU$3 -> #DIV/0! | G12: =aphy!$B$2/aphy!AV$3 -> #DIV/0! | H12: =aphy!$B$2/aphy!AW$3 -> #DIV/0! | I12: =aphy!$B$2/aphy!AX$3 -> #DIV/0! | ... AD12: =aphy!$B$2/aphy!BS$3 -> #DIV/0!
A13: 789 | B13: =aphy!$B$2/aphy!AQ$3 -> #DIV/0! | C13: =aphy!$B$2/aphy!AR$3 -> #DIV/0! | D13: =aphy!$B$2/aphy!AS$3 -> #DIV/0! | E13: =aphy!$B$2/aphy!AT$3 -> #DIV/0! | F13: =aphy!$B$2/aphy!AU$3 -> #DIV/0! | G13: =aphy!$B$2/aphy!AV$3 -> #DIV/0! | H13: =aphy!$B$2/aphy!AW$3 -> #DIV/0! | I13: =aphy!$B$2/aphy!AX$3 -> #DIV/0! | ... AD13: =aphy!$B$2/aphy!BS$3 -> #DIV/0!
... A402: 400 | B402: =aphy!$B$2/aphy!AQ$3 -> #DIV/0! | C402: =aphy!$B$2/aphy!AR$3 -> #DIV/0! | D402: =aphy!$B$2/aphy!AS$3 -> #DIV/0! | E402: =aphy!$B$2/aphy!AT$3 -> #DIV/0! | F402: =aphy!$B$2/aphy!AU$3 -> #DIV/0! | G402: =aphy!$B$2/aphy!AV$3 -> #DIV/0! | H402: =aphy!$B$2/aphy!AW$3 -> #DIV/0! | I402: =aphy!$B$2/aphy!AX$3 -> #DIV/0! | ... AD402: =aphy!$B$2/aphy!BS$3 -> #DIV/0!

Sheet Varias longitudes de onda
C1: SC-23-0513 | D1: SC-23-0516 | E1: SC-23-0519 | F1: SC-23-0522 | G1: SC-23-0523 | H1: SC-23-0526 | I1: SC-23-0527 | J1: SC-23-0528 | K1: SC-23-0530 | L1: SC-23-0532 | M1: SC-23-0538 | N1: SC-23-0541 | O1: SC-23-0544 | P1: SC-23-0545 | Q1: SC-23-0548 | AI1: =+aCDOM!AH1 -> ESPECTROS MODELADOS | AJ1: =+aCDOM!AI1 -> Wavelength (nm) | AK1: =+aCDOM!AJ1 -> SC-23-0513 | AL1: =+aCDOM!AK1 -> SC-23-0516 | AM1: =+aCDOM!AL1 -> SC-23-0519 | AN1: =+aCDOM!AM1 -> SC-23-0522 | AO1: =+aCDOM!AN1 -> SC-23-0523 | AP1: =+aCDOM!AO1 -> SC-23-0526 | ... AY1: =+aCDOM!AX1 -> SC-23-0548
A2: aCDOM | B2: Wavelength (nm) | C2: =+ap!B1 -> E3 | D2: =+ap!C1 -> E2 | E2: =+ap!D1 -> E1 | F2: =+ap!E1 -> E4 | G2: =+ap!F1 -> E5 | H2: =+ap!G1 -> E24 | I2: =+ap!H1 -> E25 | J2: =+ap!I1 -> E27 | ... Q2: =+ap!P1 -> E7
B3: 715 | C3: =+aCDOM!B87 -> -0.040871135 | D3: =+aCDOM!C87 -> -0.056865262 | E3: =+aCDOM!D87 -> -0.042753528 | F3: =+aCDOM!E87 -> -0.074824144 | G3: =+aCDOM!F87 -> -0.063860258 | H3: =+aCDOM!G87 -> -0.024682256 | I3: =+aCDOM!H87 -> -0.012389602 | J3: =+aCDOM!I87 -> -0.014415356 | ... Q3: =+aCDOM!P87 -> -0.065925134 | AJ3: =+aCDOM!AI87 -> 715 | AK3: =+aCDOM!AJ87 -> 0.002669636 | AL3: =+aCDOM!AK87 -> 0.0031690719 | AM3: =+aCDOM!AL87 -> 0.002058335 | AN3: =+aCDOM!AM87 -> 0.0053971381 | AO3: =+aCDOM!AN87 -> 0.0041535298 | AP3: =+aCDOM!AO87 -> 0.0015722165 | AQ3: =+aCDOM!AP87 -> 0.00099936924 | ... AY3: =+aCDOM!AX87 -> 0.0045677873
B4: 676 | C4: =+aCDOM!B126 -> -0.022430865 | D4: =+aCDOM!C126 -> -0.033506969 | E4: =+aCDOM!D126 -> -0.019893439 | F4: =+aCDOM!E126 -> -0.059687094 | G4: =+aCDOM!F126 -> -0.046026033 | H4: =+aCDOM!G126 -> -0.0093324381 | I4: =+aCDOM!H126 -> -0.0055626747 | J4: =+aCDOM!I126 -> -0.016135943 | ... Q4: =+aCDOM!P126 -> -0.057662883 | AJ4: =+aCDOM!AI126 -> 676 | AK4: =+aCDOM!AJ126 -> 0.0054607827 | AL4: =+aCDOM!AK126 -> 0.0064647141 | AM4: =+aCDOM!AL126 -> 0.0042516085 | AN4: =+aCDOM!AM126 -> 0.011057167 | AO4: =+aCDOM!AN126 -> 0.008545959 | AP4: =+aCDOM!AO126 -> 0.0032097287 | AQ4: =+aCDOM!AP126 -> 0.0020196597 | ... AY4: =+aCDOM!AX126 -> 0.0094608186
B5: 650 | C5: =+aCDOM!B152 -> -0.01659674 | D5: =+aCDOM!C152 -> -0.023011343 | E5: =+aCDOM!D152 -> -0.016818602 | F5: =+aCDOM!E152 -> -0.046846133 | G5: =+aCDOM!F152 -> -0.03507004 | H5: =+aCDOM!G152 -> -0.0070885967 | I5: =+aCDOM!H152 -> -0.0057347763 | J5: =+aCDOM!I152 -> -0.011829628 | ... Q5: =+aCDOM!P152 -> -0.047681761 | AJ5: =+aCDOM!AI152 -> 650 | AK5: =+aCDOM!AJ152 -> 0.0087994756 | AL5: =+aCDOM!AK152 -> 0.010398263 | AM5: =+aCDOM!AL152 -> 0.0068956956 | AN5: =+aCDOM!AM152 -> 0.017835999 | AO5: =+aCDOM!AN152 -> 0.013824723 | AP5: =+aCDOM!AO152 -> 0.00516542 | AQ5: =+aCDOM!AP152 -> 0.0032283431 | ... AY5: =+aCDOM!AX152 -> 0.01537248
B6: 630 | C6: =+aCDOM!B172 -> -0.0090268418 | D6: =+aCDOM!C172 -> -0.011720584 | E6: =+aCDOM!D172 -> -0.0079630034 | F6: =+aCDOM!E172 -> -0.026279044 | G6: =+aCDOM!F172 -> -0.019583295 | H6: =+aCDOM!G172 -> 7.704272e-05 | I6: =+aCDOM!H172 -> 0.00020436016 | J6: =+aCDOM!I172 -> -0.0041698182 | ... Q6: =+aCDOM!P172 -> -0.021768025 | AJ6: =+aCDOM!AI172 -> 630 | AK6: =+aCDOM!AJ172 -> 0.012701145 | AL6: =+aCDOM!AK172 -> 0.014987834 | AM6: =+aCDOM!AL172 -> 0.010003123 | AN6: =+aCDOM!AM172 -> 0.025765047 | AO6: =+aCDOM!AN172 -> 0.020014531 | AP6: =+aCDOM!AO172 -> 0.0074483045 | AQ6: =+aCDOM!AP172 -> 0.0046309825 | ... AY6: =+aCDOM!AX172 -> 0.022331068
B7: 555 | C7: =+aCDOM!B247 -> 0.043770524 | D7: =+aCDOM!C247 -> 0.053971363 | E7: =+aCDOM!D247 -> 0.036722164 | F7: =+aCDOM!E247 -> 0.0874894 | G7: =+aCDOM!F247 -> 0.069645996 | H7: =+aCDOM!G247 -> 0.027242676 | I7: =+aCDOM!H247 -> 0.01849921 | J7: =+aCDOM!I247 -> 0.0157171 | ... Q7: =+aCDOM!P247 -> 0.079810544 | AJ7: =+aCDOM!AI247 -> 555 | AK7: =+aCDOM!AJ247 -> 0.050296834 | AL7: =+aCDOM!AK247 -> 0.059041394 | AM7: =+aCDOM!AL247 -> 0.040362349 | AN7: =+aCDOM!AM247 -> 0.10233675 | AO7: =+aCDOM!AN247 -> 0.080154702 | AP7: =+aCDOM!AO247 -> 0.029385061 | AQ7: =+aCDOM!AP247 -> 0.017917342 | ... AY7: =+aCDOM!AX247 -> 0.09057959
B8: 510 | C8: =+aCDOM!B292 -> 0.10897688 | D8: =+aCDOM!C292 -> 0.13757587 | E8: =+aCDOM!D292 -> 0.085479861 | F8: =+aCDOM!E292 -> 0.23508371 | G8: =+aCDOM!F292 -> 0.17879944 | H8: =+aCDOM!G292 -> 0.067420771 | I8: =+aCDOM!H292 -> 0.042777465 | J8: =+aCDOM!I292 -> 0.038598467 | ... Q8: =+aCDOM!P292 -> 0.20025174 | AJ8: =+aCDOM!AI292 -> 510 | AK8: =+aCDOM!AJ292 -> 0.11485749 | AL8: =+aCDOM!AK292 -> 0.13440247 | AM8: =+aCDOM!AL292 -> 0.09321395 | AN8: =+aCDOM!AM292 -> 0.23411649 | AO8: =+aCDOM!AN292 -> 0.1842804 | AP8: =+aCDOM!AO292 -> 0.066952702 | AQ8: =+aCDOM!AP292 -> 0.040349098 | ... AY8: =+aCDOM!AX292 -> 0.20984704
B9: 488 | C9: =+aCDOM!B314 -> 0.17353215 | D9: =+aCDOM!C314 -> 0.20691163 | E9: =+aCDOM!D314 -> 0.13699908 | F9: =+aCDOM!E314 -> 0.35597266 | G9: =+aCDOM!F314 -> 0.27833063 | H9: =+aCDOM!G314 -> 0.09887805 | I9: =+aCDOM!H314 -> 0.060803095 | J9: =+aCDOM!I314 -> 0.05963699 | ... Q9: =+aCDOM!P314 -> 0.31291774 | AJ9: =+aCDOM!AI314 -> 488 | AK9: =+aCDOM!AJ314 -> 0.1719824 | AL9: =+aCDOM!AK314 -> 0.20093848 | AM9: =+aCDOM!AL314 -> 0.14034412 | AN9: =+aCDOM!AM314 -> 0.35086405 | AO9: =+aCDOM!AN314 -> 0.27684521 | AP9: =+aCDOM!AO314 -> 0.10014172 | AQ9: =+aCDOM!AP314 -> 0.060006269 | ... AY9: =+aCDOM!AX314 -> 0.31643534
B10: 443 | C10: =+aCDOM!B359 -> 0.3959742 | D10: =+aCDOM!C359 -> 0.46405009 | E10: =+aCDOM!D359 -> 0.324961 | F10: =+aCDOM!E359 -> 0.81063146 | G10: =+aCDOM!F359 -> 0.6392263 | H10: =+aCDOM!G359 -> 0.22728671 | I10: =+aCDOM!H359 -> 0.13763412 | J10: =+aCDOM!I359 -> 0.14570668 | ... Q10: =+aCDOM!P359 -> 0.73686746 | AJ10: =+aCDOM!AI359 -> 443 | AK10: =+aCDOM!AJ359 -> 0.39273777 | AL10: =+aCDOM!AK359 -> 0.45741853 | AM10: =+aCDOM!AL359 -> 0.32411467 | AN10: =+aCDOM!AM359 -> 0.80267414 | AO10: =+aCDOM!AN359 -> 0.63648353 | AP10: =+aCDOM!AO359 -> 0.22816896 | AQ10: =+aCDOM!AP359 -> 0.13513159 | ... AY10: =+aCDOM!AX359 -> 0.73309032
B11: 440 | C11: =+aCDOM!B362 -> 0.41739459 | D11: =+aCDOM!C362 -> 0.48806676 | E11: =+aCDOM!D362 -> 0.34412794 | F11: =+aCDOM!E362 -> 0.85767337 | G11: =+aCDOM!F362 -> 0.68048299 | H11: =+aCDOM!G362 -> 0.23990127 | I11: =+aCDOM!H362 -> 0.14728099 | J11: =+aCDOM!I362 -> 0.15505079 | ... Q11: =+aCDOM!P362 -> 0.78020773 | AJ11: =+aCDOM!AI362 -> 440 | AK11: =+aCDOM!AJ362 -> 0.41496415 | AL11: =+aCDOM!AK362 -> 0.48320393 | AM11: =+aCDOM!AL362 -> 0.34271438 | AN11: =+aCDOM!AM362 -> 0.84820201 | AO11: =+aCDOM!AN362 -> 0.67280702 | AP11: =+aCDOM!AO362 -> 0.24104567 | AQ11: =+aCDOM!AP362 -> 0.14264643 | ... AY11: =+aCDOM!AX362 -> 0.77532237
B12: 412 | C12: =+aCDOM!B390 -> 0.70969488 | D12: =+aCDOM!C390 -> 0.82506972 | E12: =+aCDOM!D390 -> 0.59425063 | F12: =+aCDOM!E390 -> 1.4482376 | G12: =+aCDOM!F390 -> 1.1549114 | H12: =+aCDOM!G390 -> 0.41684997 | I12: =+aCDOM!H390 -> 0.24684153 | J12: =+aCDOM!I390 -> 0.26830001 | ... Q12: =+aCDOM!P390 -> 1.3443876 | AJ12: =+aCDOM!AI390 -> 412 | AK12: =+aCDOM!AJ390 -> 0.69366708 | AL12: =+aCDOM!AK390 -> 0.80615722 | AM12: =+aCDOM!AL390 -> 0.57691641 | AN12: =+aCDOM!AM390 -> 1.41947 | AO12: =+aCDOM!AN390 -> 1.1294189 | AP12: =+aCDOM!AO390 -> 0.40237578 | AQ12: =+aCDOM!AP390 -> 0.23639143 | ... AY12: =+aCDOM!AX390 -> 1.307718
A13: ad | B13: Wavelength (nm)
B14: 715 | C14: =+ad!B87 -> 0.0080282818 | D14: =+ad!C87 -> 0.023056075 | E14: =+ad!D87 -> 0.0042464363 | F14: =+ad!E87 -> 0.078768637 | G14: =+ad!F87 -> 0.015840774 | H14: =+ad!G87 -> 0.003598753 | I14: =+ad!H87 -> 0.0016460052 | J14: =+ad!I87 -> 0.0010803257 | ... Q14: =+ad!P87 -> 0.033639822
B15: 676 | C15: =+ad!B126 -> 0.015832702 | D15: =+ad!C126 -> 0.037331853 | E15: =+ad!D126 -> 0.010556721 | F15: =+ad!E126 -> 0.1321064 | G15: =+ad!F126 -> 0.02165006 | H15: =+ad!G126 -> 0.0025813947 | I15: =+ad!H126 -> 0.00026287776 | J15: =+ad!I126 -> 0.00020699209 | ... Q15: =+ad!P126 -> 0.064976298
B16: 650 | C16: =+ad!B152 -> 0.020658359 | D16: =+ad!C152 -> 0.046762485 | E16: =+ad!D152 -> 0.011185306 | F16: =+ad!E152 -> 0.1777708 | G16: =+ad!F152 -> 0.032756971 | H16: =+ad!G152 -> 0.0032699901 | I16: =+ad!H152 -> 0.0011999183 | J16: =+ad!I152 -> 0.00020699209 | ... Q16: =+ad!P152 -> 0.084838304
B17: 630 | C17: =+ad!B172 -> 0.024970482 | D17: =+ad!C172 -> 0.059680716 | E17: =+ad!D172 -> 0.012673008 | F17: =+ad!E172 -> 0.21317646 | G17: =+ad!F172 -> 0.041806943 | H17: =+ad!G172 -> 0.0037215887 | I17: =+ad!H172 -> 0.001262638 | J17: =+ad!I172 -> 0.00020699209 | ... Q17: =+ad!P172 -> 0.1038179
B18: 555 | C18: =+ad!B247 -> 0.053369084 | D18: =+ad!C247 -> 0.13493182 | E18: =+ad!D247 -> 0.02998506 | F18: =+ad!E247 -> 0.46407993 | G18: =+ad!F247 -> 0.095752891 | H18: =+ad!G247 -> 0.0095001623 | I18: =+ad!H247 -> 0.0021701415 | J18: =+ad!I247 -> 0.00020699209 | ... Q18: =+ad!P247 -> 0.22522461
B19: 510 | C19: =+ad!B292 -> 0.10194729 | D19: =+ad!C292 -> 0.24807754 | E19: =+ad!D292 -> 0.060609717 | F19: =+ad!E292 -> 0.82775892 | G19: =+ad!F292 -> 0.17754578 | H19: =+ad!G292 -> 0.019964748 | I19: =+ad!H292 -> 0.0074535462 | J19: =+ad!I292 -> 0.00020699209 | ... Q19: =+ad!P292 -> 0.40854925
B20: 488 | C20: =+ad!B314 -> 0.13439849 | D20: =+ad!C314 -> 0.32868286 | E20: =+ad!D314 -> 0.082629773 | F20: =+ad!E314 -> 1.0736984 | G20: =+ad!F314 -> 0.24386507 | H20: =+ad!G314 -> 0.029663948 | I20: =+ad!H314 -> 0.010309616 | J20: =+ad!I314 -> 0.00020699209 | ... Q20: =+ad!P314 -> 0.54125033
B21: 443 | C21: =+ad!B359 -> 0.22081783 | D21: =+ad!C359 -> 0.51130763 | E21: =+ad!D359 -> 0.14670572 | F21: =+ad!E359 -> 1.6125823 | G21: =+ad!F359 -> 0.37903281 | H21: =+ad!G359 -> 0.058026398 | I21: =+ad!H359 -> 0.023357103 | J21: =+ad!I359 -> 6.6307167e-05 | ... Q21: =+ad!P359 -> 0.86427272
B22: 440 | C22: =+ad!B362 -> 0.22969499 | D22: =+ad!C362 -> 0.53975088 | E22: =+ad!D362 -> 0.15344638 | F22: =+ad!E362 -> 1.6836748 | G22: =+ad!F362 -> 0.39796986 | H22: =+ad!G362 -> 0.06005457 | I22: =+ad!H362 -> 0.02608304 | J22: =+ad!I362 -> 7.9183456e-05 | ... Q22: =+ad!P362 -> 0.90147626
B23: 412 | C23: =+ad!B390 -> 0.35069455 | D23: =+ad!C390 -> 0.78824838 | E23: =+ad!D390 -> 0.23698462 | F23: =+ad!E390 -> 2.4671487 | G23: =+ad!F390 -> 0.62081518 | H23: =+ad!G390 -> 0.10137632 | I23: =+ad!H390 -> 0.04365625 | J23: =+ad!I390 -> 0.004550264 | ... Q23: =+ad!P390 -> 1.3254969
A24: aphy | B24: Wavelength (nm)
B25: 715 | C25: =+aphy!B87 -> 0.0073610349 | D25: =+aphy!C87 -> -0.00032920916 | E25: =+aphy!D87 -> 0.0030383102 | F25: =+aphy!E87 -> 0.021267756 | G25: =+aphy!F87 -> 7.9588908e-05 | H25: =+aphy!G87 -> 0.0020937516 | I25: =+aphy!H87 -> -0.00055408101 | J25: =+aphy!I87 -> 7.511586e-05 | ... Q25: =+aphy!P87 -> 0.0075627802
B26: 676 | C26: =+aphy!B126 -> 0.071916331 | D26: =+aphy!C126 -> 0.19484835 | E26: =+aphy!D126 -> 0.10324763 | F26: =+aphy!E126 -> 0.065610296 | G26: =+aphy!F126 -> 0.066128938 | H26: =+aphy!G126 -> 0.068975836 | I26: =+aphy!H126 -> 0.017169792 | J26: =+aphy!I126 -> 0.0081031858 | ... Q26: =+aphy!P126 -> 0.33300616
B27: 650 | C27: =+aphy!B152 -> 0.032479246 | D27: =+aphy!C152 -> 0.053778661 | E27: =+aphy!D152 -> 0.032999929 | F27: =+aphy!E152 -> 0.057745301 | G27: =+aphy!F152 -> 0.03076583 | H27: =+aphy!G152 -> 0.024227129 | I27: =+aphy!H152 -> 0.006832932 | J27: =+aphy!I152 -> 0.0027479893 | ... Q27: =+aphy!P152 -> 0.10343828
B28: 630 | C28: =+aphy!B172 -> 0.038669625 | D28: =+aphy!C172 -> 0.056586078 | E28: =+aphy!D172 -> 0.0384563 | F28: =+aphy!E172 -> 0.068769109 | G28: =+aphy!F172 -> 0.036835274 | H28: =+aphy!G172 -> 0.029914243 | I28: =+aphy!H172 -> 0.0069560991 | J28: =+aphy!I172 -> 0.0023701979 | ... Q28: =+aphy!P172 -> 0.10878112
B29: 555 | C29: =+aphy!B247 -> 0.057076285 | D29: =+aphy!C247 -> 0.055179535 | E29: =+aphy!D247 -> 0.051123959 | F29: =+aphy!E247 -> 0.10219759 | G29: =+aphy!F247 -> 0.046442711 | H29: =+aphy!G247 -> 0.038978615 | I29: =+aphy!H247 -> 0.0086522445 | J29: =+aphy!I247 -> 0.0014547082 | ... Q29: =+aphy!P247 -> 0.11244163
B30: 510 | C30: =+aphy!B292 -> 0.10739485 | D30: =+aphy!C292 -> 0.13122065 | E30: =+aphy!D292 -> 0.11141854 | F30: =+aphy!E292 -> 0.19424182 | G30: =+aphy!F292 -> 0.11270804 | H30: =+aphy!G292 -> 0.08755589 | I30: =+aphy!H292 -> 0.023164017 | J30: =+aphy!I292 -> 0.0095351488 | ... Q30: =+aphy!P292 -> 0.25772186
B31: 488 | C31: =+aphy!B314 -> 0.13867981 | D31: =+aphy!C314 -> 0.16899183 | E31: =+aphy!D314 -> 0.14333158 | F31: =+aphy!E314 -> 0.272841 | G31: =+aphy!F314 -> 0.1497766 | H31: =+aphy!G314 -> 0.11458861 | I31: =+aphy!H314 -> 0.036401067 | J31: =+aphy!I314 -> 0.019022778 | ... Q31: =+aphy!P314 -> 0.34576054
B32: 443 | C32: =+aphy!B359 -> 0.21368289 | D32: =+aphy!C359 -> 0.29770539 | E32: =+aphy!D359 -> 0.23047469 | F32: =+aphy!E359 -> 0.39183507 | G32: =+aphy!F359 -> 0.27361739 | H32: =+aphy!G359 -> 0.19448099 | I32: =+aphy!H359 -> 0.067033661 | J32: =+aphy!I359 -> 0.039831708 | ... Q32: =+aphy!P359 -> 0.56407879
B33: 440 | C33: =+aphy!B362 -> 0.22112651 | D33: =+aphy!C362 -> 0.2989778 | E33: =+aphy!D362 -> 0.23349494 | F33: =+aphy!E362 -> 0.42206949 | G33: =+aphy!F362 -> 0.27364135 | H33: =+aphy!G362 -> 0.20164256 | I33: =+aphy!H362 -> 0.069506298 | J33: =+aphy!I362 -> 0.039223211 | ... Q33: =+aphy!P362 -> 0.59020535
B34: 412 | C34: =+aphy!B390 -> 0.23768011 | D34: =+aphy!C390 -> 0.24565991 | E34: =+aphy!D390 -> 0.23776031 | F34: =+aphy!E390 -> 0.58590255 | G34: =+aphy!F390 -> 0.33567669 | H34: =+aphy!G390 -> 0.22273114 | I34: =+aphy!H390 -> 0.079333311 | J34: =+aphy!I390 -> 0.051484631 | ... Q34: =+aphy!P390 -> 0.51612614
A37: ap | B37: Wavelength (nm)
B38: 715 | C38: =+ap!B87 -> 0.015389317 | D38: =+ap!C87 -> 0.022726866 | E38: =+ap!D87 -> 0.0072847465 | F38: =+ap!E87 -> 0.10003639 | G38: =+ap!F87 -> 0.015920363 | H38: =+ap!G87 -> 0.0056925046 | I38: =+ap!H87 -> 0.0010919242 | J38: =+ap!I87 -> 0.0011554415 | ... Q38: =+ap!P87 -> 0.041202603
B39: 676 | C39: =+ap!B126 -> 0.087749033 | D39: =+ap!C126 -> 0.23218021 | E39: =+ap!D126 -> 0.11380435 | F39: =+ap!E126 -> 0.19771669 | G39: =+ap!F126 -> 0.087778998 | H39: =+ap!G126 -> 0.07155723 | I39: =+ap!H126 -> 0.01743267 | J39: =+ap!I126 -> 0.0083101779 | ... Q39: =+ap!P126 -> 0.39798245
B40: 650 | C40: =+ap!B152 -> 0.053137605 | D40: =+ap!C152 -> 0.10054115 | E40: =+ap!D152 -> 0.044185235 | F40: =+ap!E152 -> 0.2355161 | G40: =+ap!F152 -> 0.063522801 | H40: =+ap!G152 -> 0.027497119 | I40: =+ap!H152 -> 0.0080328503 | J40: =+ap!I152 -> 0.0029549814 | ... Q40: =+ap!P152 -> 0.18827659
B41: 630 | C41: =+ap!B172 -> 0.063640108 | D41: =+ap!C172 -> 0.11626679 | E41: =+ap!D172 -> 0.051129307 | F41: =+ap!E172 -> 0.28194557 | G41: =+ap!F172 -> 0.078642217 | H41: =+ap!G172 -> 0.033635832 | I41: =+ap!H172 -> 0.0082187372 | J41: =+ap!I172 -> 0.00257719 | ... Q41: =+ap!P172 -> 0.21259902
B42: 555 | C42: =+ap!B247 -> 0.11044537 | D42: =+ap!C247 -> 0.19011135 | E42: =+ap!D247 -> 0.081109019 | F42: =+ap!E247 -> 0.56627752 | G42: =+ap!F247 -> 0.1421956 | H42: =+ap!G247 -> 0.048478777 | I42: =+ap!H247 -> 0.010822386 | J42: =+ap!I247 -> 0.0016617003 | ... Q42: =+ap!P247 -> 0.33766623
B43: 510 | C43: =+ap!B292 -> 0.20934213 | D43: =+ap!C292 -> 0.3792982 | E43: =+ap!D292 -> 0.17202826 | F43: =+ap!E292 -> 1.0220007 | G43: =+ap!F292 -> 0.29025382 | H43: =+ap!G292 -> 0.10752064 | I43: =+ap!H292 -> 0.030617563 | J43: =+ap!I292 -> 0.0097421409 | ... Q43: =+ap!P292 -> 0.6662711
B44: 488 | C44: =+ap!B314 -> 0.2730783 | D44: =+ap!C314 -> 0.49767469 | E44: =+ap!D314 -> 0.22596135 | F44: =+ap!E314 -> 1.3465394 | G44: =+ap!F314 -> 0.39364167 | H44: =+ap!G314 -> 0.14425256 | I44: =+ap!H314 -> 0.046710683 | J44: =+ap!I314 -> 0.01922977 | ... Q44: =+ap!P314 -> 0.88701087
B45: 443 | C45: =+ap!B359 -> 0.43450072 | D45: =+ap!C359 -> 0.80901301 | E45: =+ap!D359 -> 0.37718041 | F45: =+ap!E359 -> 2.0044174 | G45: =+ap!F359 -> 0.6526502 | H45: =+ap!G359 -> 0.25250739 | I45: =+ap!H359 -> 0.090390764 | J45: =+ap!I359 -> 0.039898015 | ... Q45: =+ap!P359 -> 1.4283515
B46: 440 | C46: =+ap!B362 -> 0.45082149 | D46: =+ap!C362 -> 0.83872868 | E46: =+ap!D362 -> 0.38694132 | F46: =+ap!E362 -> 2.1057443 | G46: =+ap!F362 -> 0.6716112 | H46: =+ap!G362 -> 0.26169713 | I46: =+ap!H362 -> 0.095589338 | J46: =+ap!I362 -> 0.039302394 | ... Q46: =+ap!P362 -> 1.4916816
B47: 412 | C47: =+ap!B390 -> 0.58837465 | D47: =+ap!C390 -> 1.0339083 | E47: =+ap!D390 -> 0.47474493 | F47: =+ap!E390 -> 3.0530512 | G47: =+ap!F390 -> 0.95649187 | H47: =+ap!G390 -> 0.32410746 | I47: =+ap!H390 -> 0.12298956 | J47: =+ap!I390 -> 0.056034895 | ... Q47: =+ap!P390 -> 1.841623
C49: E3 | D49: E2 | E49: E1 | F49: E4 | G49: E5 | H49: E24 | I49: E25 | J49: E27 | K49: E31 | L49: E12 | M49: E13 | N49: E14 | O49: E10 | P49: E9 | Q49: E7
A50: B/R | B50: 440-676 | C50: =C33/C26 -> 3.0747745 | D50: =D33/D26 -> 1.5344128 | E50: =E33/E26 -> 2.2615041 | F50: =F33/F26 -> 6.4329764 | G50: =G33/G26 -> 4.137997 | H50: =H33/H26 -> 2.9233797 | I50: =I33/I26 -> 4.0481735 | J50: =J33/J26 -> 4.8404679 | ... Q50: =Q33/Q26 -> 1.7723557
A51: B/R | B51: 443-677 | C51: =C32/C26 -> 2.9712707 | D51: =D32/D26 -> 1.5278825 | E51: =E32/E26 -> 2.2322516 | F51: =F32/F26 -> 5.9721582 | G51: =G32/G26 -> 4.1376347 | H51: =H32/H26 -> 2.8195525 | I51: =I32/I26 -> 3.9041626 | J51: =J32/J26 -> 4.9155615 | ... Q51: =Q32/Q26 -> 1.693899
A53: picofitoplancton | B53: >3.0 | C53: =COUNT(C50,F50:G51,I50:K51,M50) -> 12
A54: microfitoplancton | B54: <2.5 | C54: =COUNT(D50:E51,N50:Q51) -> 12
A55: nanofitoplancton | B55: entre 2.5 y 3.0 | C55: =COUNT(C51,H50:H51,L50:L51,M51) -> 6
