Workbook

Sheet ap
A1: Wavelength (nm) | B1: SC-21-0101 | C1: SC-21-0104 | D1: SC-21-0109 | E1: SC-21-0113 | F1: SC-21-0115 | G1: SC-21-0119 | H1: SC-21-0124 | I1: SC-21-0128 | J1: SC-21-0132 | K1: SC-21-0136 | L1: SC-21-0140 | M1: SC-21-0148 | N1: SC-21-0152 | O1: SC-21-0154 | P1: SC-21-0156 | Q1: SC-21-0158 | R1: SC-21-0159 | S1: SC-21-0160 | T1: SC-21-0161 | U1: SC-21-0163 | V1: SC-21-0164 | W1: SC-21-0165 | X1: SC-21-0166 | Y1: SC-21-0167 | Z1: SC-21-0168 | AA1: SC-21-0169 | AB1: SC-21-0170 | AC1: SC-21-0171 | AD1: SC-21-0172 | AE1: SC-21-0225 | AF1: SC-21-0228 | AG1: SC-21-0231
A2: 800
A3: 799
A4: 798
A5: 797
A6: 796
A7: 795
A8: 794
A9: 793
A10: 792
A11: 791
A12: 790
A13: 789
... A51: 751
A52: 750 | B52: 0 | C52: 0 | D52: 0 | E52: 0 | F52: 0 | G52: 0 | H52: 0 | I52: 0 | J52: 0 | K52: #NUM! | L52: 0 | U52: 0 | V52: 0 | W52: 0 | X52: 0 | Y52: 0 | Z52: 0 | AA52: 0 | AB52: #NUM! | AC52: 0 | AD52: 0 | AE52: 0 | AF52: 0 | AG52: 0
A53: 749 | B53: 0.0010941469 | C53: 0.0051375177 | D53: 0.0027638585 | E53: 0.1856865 | F53: 0.011752924 | G53: 0.0027361185 | H53: 0.0025229638 | I53: 0.0074435868 | J53: 0.0050570452 | K53: 0.0012596892 | L53: 0.0021208667 | U53: 0.0035648585 | V53: 0.002221651 | W53: 0.0017537181 | X53: 0.0054952386 | Y53: 0.0059535589 | Z53: 0.002289719 | AA53: 0.0082517137 | AB53: #NUM! | AC53: 0.0058914923 | AD53: 0.011883618 | AE53: 0.0084496682 | AF53: 0.011746311 | AG53: 0.053122843
A54: 748 | B54: 0.0012563443 | C54: 0.008214736 | D54: 0.00090993597 | E54: 0.15645192 | F54: 0.011486141 | G54: 0.0029059579 | H54: 0.0022811103 | I54: 0.0072612141 | J54: 0.0041003394 | K54: 0.00094746771 | L54: 0.0014941473 | U54: 0.0039381701 | V54: 0.0037186096 | W54: 0.0020665111 | X54: 0.0073695557 | Y54: 0.0045129198 | Z54: 0.0030283881 | AA54: 0.0060314587 | AB54: 0.00020465281 | AC54: 0.0069021803 | AD54: 0.011365751 | AE54: 0.01693609 | AF54: 0.010654089 | AG54: 0.059293995
A55: 747 | B55: 0.00018547853 | C55: 0.0041021733 | D55: 0.0012691515 | E55: 0.14407491 | F55: 0.01044807 | G55: 0.0025454945 | H55: 0.00068780922 | I55: 0.0058782026 | J55: 0.0023487705 | K55: #NUM! | L55: 0.00077963732 | U55: 0.0031012834 | V55: 0.0048156988 | W55: 0.0016973364 | X55: 0.0070161468 | Y55: 0.0053338025 | Z55: 0.0017796249 | AA55: 0.0043265102 | AB55: #NUM! | AC55: 0.0063371104 | AD55: 0.0054134189 | AE55: 0.0122038 | AF55: 0.0057269244 | AG55: 0.054541435
A56: 746 | B56: #NUM! | C56: 0.0036047916 | D56: 0.00062290459 | E56: 0.24211755 | F56: 0.011592115 | G56: 0.0023072433 | H56: 0.00015374455 | I56: 0.0060089458 | J56: 0.0023656923 | K56: 0.00031529917 | L56: 0.001580584 | U56: 0.0065536079 | V56: 0.0055617003 | W56: 0.00049159626 | X56: 0.0043403495 | Y56: 0.0031558609 | Z56: 0.0005584151 | AA56: 0.0040629618 | AB56: #NUM! | AC56: 0.0074849143 | AD56: 0.0071166157 | AE56: 0.0075324308 | AF56: 0.0044633787 | AG56: 0.056368082
A57: 745 | B57: #NUM! | C57: 0.003784393 | D57: 0.0011843936 | E57: 0.13015429 | F57: 0.010639896 | G57: 0.00076277838 | H57: 0.00067099643 | I57: 0.0038483654 | J57: 0.00066094747 | K57: #NUM! | L57: 0.00046559858 | U57: 0.0049475546 | V57: 0.0040727569 | W57: 0.0013997101 | X57: 0.0018314168 | Y57: 0.0027127326 | Z57: 0.00067808532 | AA57: 0.0040629618 | AB57: #NUM! | AC57: 0.0056073683 | AD57: 0.0071301331 | AE57: 0.009111113 | AF57: 0.0054872579 | AG57: 0.050117724
A58: 744 | B58: #NUM! | C58: 0.0040637109 | D58: 0.00047194185 | E58: 0.10444903 | F58: 0.0030721394 | G58: 0.00065169814 | H58: 0.00091155646 | I58: 0.0042905733 | J58: 0.0015587409 | K58: #NUM! | L58: 0.00011015728 | U58: 0.0045625338 | V58: 0.0025575766 | W58: #NUM! | X58: 0.0023143842 | Y58: 0.002490608 | Z58: 5.7950423e-05 | AA58: 0.0024765314 | AB58: #NUM! | AC58: 0.0029289007 | AD58: 0.007535189 | AE58: 0.0051664525 | AF58: 0.0036230616 | AG58: 0.052130821
A59: 743 | B59: #NUM! | C59: 0.0012016537 | D59: 0.0014985343 | E59: 0.028567726 | F59: 0.0053085813 | G59: 0.00050342066 | H59: #NUM! | I59: 0.0002406272 | J59: 0.00036865396 | K59: #NUM! | L59: 5.7777424e-05 | U59: 0.0026489782 | V59: 0.0039145353 | W59: #NUM! | X59: 0.0022070802 | Y59: 0.0010982036 | Z59: 1.6999845e-07 | AA59: 0.0016063862 | AB59: #NUM! | AC59: 0.0037295297 | AD59: 0.0044218402 | AE59: 0.0043677239 | AF59: 0.0010456161 | AG59: 0.048676653
A60: 742 | B60: #NUM! | C60: 0.001567579 | D60: 0.00084896047 | E60: 0.061254304 | F60: 0.00044315543 | G60: 0.0018464862 | H60: #NUM! | I60: 7.4848613e-05 | J60: #NUM! | K60: #NUM! | L60: 5.8962867e-05 | U60: 0.0011037114 | V60: 0.0014093785 | W60: #NUM! | X60: 0.0018353727 | Y60: 0.001052807 | Z60: #NUM! | AA60: 0.00093252375 | AB60: #NUM! | AC60: 0.00099476225 | AD60: 0.0025752625 | AE60: 0.0028715547 | AF60: 0.00028661394 | AG60: 0.043580632
A61: 741 | B61: #NUM! | C61: 0.0009228042 | D61: 2.5309716e-06 | E61: 0.022573885 | F61: 0.0017787315 | G61: 0.0014830384 | H61: #NUM! | I61: 0.00030631453 | J61: 0.00022038625 | K61: #NUM! | L61: 0.00017152696 | U61: 0.0027935175 | V61: 0.0035730247 | W61: #NUM! | X61: 0.0025228625 | Y61: 0.0010479923 | Z61: #NUM! | AA61: 0.00071609522 | AB61: #NUM! | AC61: 0.0016451803 | AD61: 0.0031791844 | AE61: 0.002579317 | AF61: #NUM! | AG61: 0.053210204
A62: 740 | B62: #NUM! | C62: 0.00016824069 | D62: 0.00041827792 | E62: 0.010208644 | F62: 0.0026928359 | G62: 0.0017055621 | H62: #NUM! | I62: 0.00031176306 | J62: #NUM! | K62: #NUM! | L62: 0.00029481686 | U62: 0.0014958387 | V62: 0.0012024734 | W62: #NUM! | X62: 0.002004327 | Y62: #NUM! | Z62: #NUM! | AA62: 0.00030309796 | AB62: #NUM! | AC62: 0.0014101 | AD62: 0.0010964971 | AE62: 0.0039603772 | AF62: 0.00085290275 | AG62: 0.046019405
A63: 739 | B63: #NUM! | C63: #NUM! | D63: #NUM! | E63: #NUM! | F63: 0.0055629897 | G63: 0.00015739535 | H63: #NUM! | I63: #NUM! | J63: #NUM! | K63: #NUM! | L63: 6.3740742e-05 | U63: 0.0016024568 | V63: 0.0010856428 | W63: #NUM! | X63: 0.00043670166 | Y63: #NUM! | Z63: #NUM! | AA63: 0.0001730515 | AB63: #NUM! | AC63: 0.00015132957 | AD63: 0.00019983332 | AE63: 0.0027158793 | AF63: 8.164186e-05 | AG63: 0.038050009
A64: 738 | B64: #NUM! | C64: #NUM! | D64: 0.00071525825 | E64: #NUM! | F64: 0.004185611 | G64: #NUM! | H64: #NUM! | I64: #NUM! | J64: #NUM! | K64: #NUM! | L64: 4.6093967e-05 | U64: 0.0011730421 | V64: 0.0005381231 | W64: #NUM! | X64: #NUM! | Y64: #NUM! | Z64: #NUM! | AA64: #NUM! | AB64: #NUM! | AC64: #NUM! | AD64: 0.00057905266 | AE64: 0.0022669792 | AF64: #NUM! | AG64: 0.040875566
A65: 737 | B65: #NUM! | C65: #NUM! | D65: #NUM! | E65: #NUM! | F65: 0.00041583701 | G65: #NUM! | H65: #NUM! | I65: #NUM! | J65: #NUM! | K65: #NUM! | L65: #NUM! | U65: 0.00023135934 | V65: #NUM! | W65: #NUM! | X65: 1.602894e-05 | Y65: #NUM! | Z65: #NUM! | AA65: #NUM! | AB65: #NUM! | AC65: #NUM! | AD65: #NUM! | AE65: 0.00026258389 | AF65: #NUM! | AG65: 0.038811192
A66: 736 | B66: #NUM! | C66: #NUM! | D66: #NUM! | E66: #NUM! | F66: 0.0045508572 | G66: #NUM! | H66: #NUM! | I66: #NUM! | J66: #NUM! | K66: #NUM! | L66: #NUM! | U66: #NUM! | V66: #NUM! | W66: #NUM! | X66: #NUM! | Y66: #NUM! | Z66: #NUM! | AA66: #NUM! | AB66: #NUM! | AC66: #NUM! | AD66: #NUM! | AE66: #NUM! | AF66: #NUM! | AG66: 0.03031691
A67: 735 | B67: #NUM! | C67: 0.0010103596 | D67: 0.0017753624 | E67: 0.037855447 | F67: 0.011617224 | G67: #NUM! | H67: #NUM! | I67: 0.0015034529 | J67: #NUM! | K67: #NUM! | L67: 0.00058323372 | U67: 0.00037891431 | V67: #NUM! | W67: 5.6414827e-05 | X67: 0.0046157878 | Y67: #NUM! | Z67: #NUM! | AA67: 0.002715329 | AB67: #NUM! | AC67: 0.0021421223 | AD67: 0.0010662892 | AE67: 0.0089860075 | AF67: #NUM! | AG67: 0.045903659
A68: 734 | B68: #NUM! | C68: 9.863484e-05 | D68: 0.0021753623 | E68: 0.020639488 | F68: 0.011763252 | G68: #NUM! | H68: #NUM! | I68: #NUM! | J68: #NUM! | K68: #NUM! | L68: 0.00066737185 | U68: 0.00033912938 | V68: 4.6330061e-05 | W68: #NUM! | X68: 0.0010654837 | Y68: 0.0012152351 | Z68: #NUM! | AA68: 0.0033860437 | AB68: #NUM! | AC68: 0.0033106963 | AD68: 0.0018387264 | AE68: 0.0044234707 | AF68: 0.00093713517 | AG68: 0.035536485
A69: 733 | B69: #NUM! | C69: 0.00044262038 | D69: 0.002662129 | E69: 0.071920061 | F69: 0.0027255668 | G69: #NUM! | H69: #NUM! | I69: 7.4224383e-05 | J69: #NUM! | K69: #NUM! | L69: 0.0016098112 | U69: 0.00090531922 | V69: 0.00098564917 | W69: #NUM! | X69: 0.001325279 | Y69: 0.001176182 | Z69: #NUM! | AA69: 0.0010003098 | AB69: #NUM! | AC69: 0.0011220875 | AD69: 0.0030973305 | AE69: 0.012557598 | AF69: #NUM! | AG69: 0.043968751
A70: 732 | B70: #NUM! | C70: #NUM! | D70: 0.00076912851 | E70: 0.0013682329 | F70: 0.0042119135 | G70: #NUM! | H70: #NUM! | I70: #NUM! | J70: #NUM! | K70: #NUM! | L70: 0.00032156604 | U70: 0.0058474119 | V70: 0.00095986414 | W70: #NUM! | X70: 0.00073889553 | Y70: 3.1393669e-05 | Z70: #NUM! | AA70: 0.0014415836 | AB70: #NUM! | AC70: #NUM! | AD70: 0.00011560559 | AE70: 0.0036106273 | AF70: #NUM! | AG70: 0.04742685
A71: 731 | B71: #NUM! | C71: #NUM! | D71: 0.0011502664 | E71: #NUM! | F71: 0.01122404 | G71: #NUM! | H71: #NUM! | I71: #NUM! | J71: #NUM! | K71: #NUM! | L71: #NUM! | U71: 0.0018246331 | V71: #NUM! | W71: #NUM! | X71: #NUM! | Y71: #NUM! | Z71: #NUM! | AA71: 3.9380695e-05 | AB71: #NUM! | AC71: #NUM! | AD71: #NUM! | AE71: 0.0028791318 | AF71: 2.096117e-05 | AG71: 0.040576247
A72: 730 | B72: #NUM! | C72: #NUM! | D72: #NUM! | E72: #NUM! | F72: 0.0055074964 | G72: #NUM! | H72: #NUM! | I72: #NUM! | J72: #NUM! | K72: #NUM! | L72: #NUM! | U72: #NUM! | V72: #NUM! | W72: #NUM! | X72: #NUM! | Y72: #NUM! | Z72: #NUM! | AA72: #NUM! | AB72: #NUM! | AC72: #NUM! | AD72: #NUM! | AE72: 0.0030617387 | AF72: #NUM! | AG72: 0.028587355
A73: 729 | B73: #NUM! | C73: #NUM! | D73: #NUM! | E73: #NUM! | F73: #NUM! | G73: #NUM! | H73: #NUM! | I73: #NUM! | J73: #NUM! | K73: #NUM! | L73: #NUM! | U73: #NUM! | V73: #NUM! | W73: #NUM! | X73: #NUM! | Y73: #NUM! | Z73: #NUM! | AA73: #NUM! | AB73: #NUM! | AC73: #NUM! | AD73: #NUM! | AE73: #NUM! | AF73: #NUM! | AG73: 0.032833018
A74: 728 | B74: #NUM! | C74: #NUM! | D74: 0.00095638631 | E74: #NUM! | F74: #NUM! | G74: #NUM! | H74: #NUM! | I74: #NUM! | J74: #NUM! | K74: #NUM! | L74: #NUM! | U74: #NUM! | V74: #NUM! | W74: #NUM! | X74: #NUM! | Y74: #NUM! | Z74: #NUM! | AA74: #NUM! | AB74: #NUM! | AC74: #NUM! | AD74: #NUM! | AE74: 7.5842018e-06 | AF74: #NUM! | AG74: 0.032026439
A75: 727 | B75: #NUM! | C75: #NUM! | D75: #NUM! | E75: #NUM! | F75: #NUM! | G75: #NUM! | H75: #NUM! | I75: #NUM! | J75: #NUM! | K75: #NUM! | L75: #NUM! | U75: #NUM! | V75: #NUM! | W75: #NUM! | X75: #NUM! | Y75: #NUM! | Z75: #NUM! | AA75: #NUM! | AB75: #NUM! | AC75: #NUM! | AD75: #NUM! | AE75: #NUM! | AF75: #NUM! | AG75: 0.027461744
A76: 726 | B76: #NUM! | C76: #NUM! | D76: #NUM! | E76: #NUM! | F76: #NUM! | G76: #NUM! | H76: #NUM! | I76: #NUM! | J76: #NUM! | K76: #NUM! | L76: #NUM! | U76: #NUM! | V76: #NUM! | W76: #NUM! | X76: #NUM! | Y76: #NUM! | Z76: #NUM! | AA76: #NUM! | AB76: #NUM! | AC76: #NUM! | AD76: #NUM! | AE76: #NUM! | AF76: #NUM! | AG76: 0.024469755
A77: 725 | B77: #NUM! | C77: #NUM! | D77: #NUM! | E77: #NUM! | F77: #NUM! | G77: #NUM! | H77: #NUM! | I77: #NUM! | J77: #NUM! | K77: #NUM! | L77: #NUM! | U77: #NUM! | V77: #NUM! | W77: #NUM! | X77: #NUM! | Y77: #NUM! | Z77: #NUM! | AA77: #NUM! | AB77: #NUM! | AC77: #NUM! | AD77: #NUM! | AE77: #NUM! | AF77: #NUM! | AG77: 0.021157338
A78: 724 | B78: #NUM! | C78: #NUM! | D78: #NUM! | E78: #NUM! | F78: #NUM! | G78: #NUM! | H78: #NUM! | I78: #NUM! | J78: #NUM! | K78: #NUM! | L78: #NUM! | U78: #NUM! | V78: #NUM! | W78: #NUM! | X78: #NUM! | Y78: #NUM! | Z78: #NUM! | AA78: #NUM! | AB78: #NUM! | AC78: #NUM! | AD78: #NUM! | AE78: #NUM! | AF78: #NUM! | AG78: 0.022194168
A79: 723 | B79: #NUM! | C79: #NUM! | D79: #NUM! | E79: #NUM! | F79: #NUM! | G79: #NUM! | H79: #NUM! | I79: #NUM! | J79: #NUM! | K79: #NUM! | L79: #NUM! | U79: #NUM! | V79: #NUM! | W79: #NUM! | X79: #NUM! | Y79: #NUM! | Z79: #NUM! | AA79: #NUM! | AB79: #NUM! | AC79: #NUM! | AD79: #NUM! | AE79: #NUM! | AF79: #NUM! | AG79: 0.015809135
A80: 722 | B80: #NUM! | C80: #NUM! | D80: #NUM! | E80: #NUM! | F80: #NUM! | G80: #NUM! | H80: #NUM! | I80: #NUM! | J80: #NUM! | K80: #NUM! | L80: #NUM! | U80: #NUM! | V80: #NUM! | W80: #NUM! | X80: #NUM! | Y80: #NUM! | Z80: #NUM! | AA80: #NUM! | AB80: #NUM! | AC80: #NUM! | AD80: #NUM! | AE80: #NUM! | AF80: #NUM! | AG80: 0.019661335
A81: 721 | B81: #NUM! | C81: #NUM! | D81: #NUM! | E81: #NUM! | F81: #NUM! | G81: #NUM! | H81: #NUM! | I81: #NUM! | J81: #NUM! | K81: #NUM! | L81: #NUM! | U81: #NUM! | V81: #NUM! | W81: #NUM! | X81: #NUM! | Y81: #NUM! | Z81: #NUM! | AA81: #NUM! | AB81: #NUM! | AC81: #NUM! | AD81: #NUM! | AE81: #NUM! | AF81: #NUM! | AG81: 0.021786103
A82: 720 | B82: #NUM! | C82: #NUM! | D82: #NUM! | E82: #NUM! | F82: #NUM! | G82: #NUM! | H82: #NUM! | I82: #NUM! | J82: #NUM! | K82: #NUM! | L82: #NUM! | U82: #NUM! | V82: #NUM! | W82: #NUM! | X82: #NUM! | Y82: #NUM! | Z82: #NUM! | AA82: #NUM! | AB82: #NUM! | AC82: #NUM! | AD82: #NUM! | AE82: #NUM! | AF82: #NUM! | AG82: 0.023784388
A83: 719 | B83: #NUM! | C83: #NUM! | D83: 0.00011908379 | E83: #NUM! | F83: #NUM! | G83: #NUM! | H83: #NUM! | I83: #NUM! | J83: #NUM! | K83: #NUM! | L83: #NUM! | U83: #NUM! | V83: #NUM! | W83: #NUM! | X83: #NUM! | Y83: #NUM! | Z83: #NUM! | AA83: #NUM! | AB83: #NUM! | AC83: #NUM! | AD83: #NUM! | AE83: 0.00051854139 | AF83: #NUM! | AG83: 0.026042044
A84: 718 | B84: #NUM! | C84: #NUM! | D84: 0.0059427563 | E84: #NUM! | F84: 0.0010721236 | G84: 0.0032647691 | H84: #NUM! | I84: #NUM! | J84: #NUM! | K84: #NUM! | L84: 0.0036960344 | U84: 0.0024687079 | V84: 0.0024825347 | W84: 0.0021573437 | X84: 0.00018270673 | Y84: 0.0026397237 | Z84: 0.0017258982 | AA84: 0.001187043 | AB84: #NUM! | AC84: 0.0010947092 | AD84: 0.008352533 | AE84: 0.030539003 | AF84: 0.0011350189 | AG84: 0.06018108
A85: 717 | B85: #NUM! | C85: #NUM! | D85: 0.0049451853 | E85: #NUM! | F85: 0.013517878 | G85: 0.00044463014 | H85: #NUM! | I85: #NUM! | J85: #NUM! | K85: #NUM! | L85: 0.0061497759 | U85: 0.0035198366 | V85: #NUM! | W85: 0.0004181077 | X85: 0.002951334 | Y85: 0.0018559014 | Z85: 0.0013840088 | AA85: 0.0031372407 | AB85: #NUM! | AC85: #NUM! | AD85: 0.0082339591 | AE85: 0.020534626 | AF85: 0.0028582842 | AG85: 0.055372613
A86: 716 | B86: #NUM! | C86: #NUM! | D86: 0.0049844011 | E86: 0.0030610472 | F86: 0.023788721 | G86: 0.0019150619 | H86: #NUM! | I86: #NUM! | J86: #NUM! | K86: #NUM! | L86: 0.0082928508 | U86: 0.0071058955 | V86: 0.0045268875 | W86: 0.00020002579 | X86: 0.0040184938 | Y86: 0.004120146 | Z86: 0.0030010193 | AA86: 0.0064678726 | AB86: #NUM! | AC86: 0.0020006606 | AD86: 0.011575806 | AE86: 0.030434836 | AF86: 0.010634106 | AG86: 0.063010115
A87: 715 | B87: #NUM! | C87: 0.0008759976 | D87: 0.0074475939 | E87: 0.19776587 | F87: 0.033516921 | G87: 0.0041609835 | H87: 0.00085650738 | I87: 0.0022976037 | J87: 2.1274073e-05 | K87: 0.00085052766 | L87: 0.011301306 | U87: 0.0083297228 | V87: 0.0073883381 | W87: 0.0014219948 | X87: 0.0084855925 | Y87: 0.0089619799 | Z87: 0.0065225485 | AA87: 0.008203937 | AB87: #NUM! | AC87: 0.0010443745 | AD87: 0.021510216 | AE87: 0.042721188 | AF87: 0.018949646 | AG87: 0.064682734
A88: 714 | B88: 0.00042857563 | C88: 0.0043350298 | D88: 0.012425077 | E88: 0.2094274 | F88: 0.039394556 | G88: 0.0044394589 | H88: 0.0025229287 | I88: 0.0040242067 | J88: 0.0019164787 | K88: 0.0026034955 | L88: 0.0162293 | U88: 0.017693246 | V88: 0.010157297 | W88: 0.0059664202 | X88: 0.013535415 | Y88: 0.011210971 | Z88: 0.0095630303 | AA88: 0.011076284 | AB88: #NUM! | AC88: 0.0046468462 | AD88: 0.025255895 | AE88: 0.053347491 | AF88: 0.025525929 | AG88: 0.074562783
A89: 713 | B89: 0.00053987657 | C89: 0.0065281285 | D89: 0.014490968 | E89: 0.20359409 | F89: 0.034425729 | G89: 0.011356266 | H89: 0.0033901243 | I89: 0.0057981398 | J89: 0.0017932857 | K89: 0.0036282032 | L89: 0.01499297 | U89: 0.017743925 | V89: 0.010327522 | W89: 0.0091146645 | X89: 0.016740801 | Y89: 0.011623554 | Z89: 0.013603079 | AA89: 0.015471081 | AB89: #NUM! | AC89: 0.0067270113 | AD89: 0.031086814 | AE89: 0.061383198 | AF89: 0.020437763 | AG89: 0.080538411
A90: 712 | B90: 0.0045730201 | C90: 0.0076390461 | D90: 0.014873074 | E90: 0.29731341 | F90: 0.053384861 | G90: 0.009404348 | H90: 0.0070923266 | I90: 0.0052203036 | J90: 0.0036557572 | K90: 0.006393659 | L90: 0.020500055 | U90: 0.020087435 | V90: 0.014206549 | W90: 0.013699301 | X90: 0.020257992 | Y90: 0.018663333 | Z90: 0.017614482 | AA90: 0.019226187 | AB90: #NUM! | AC90: 0.0099069015 | AD90: 0.039677409 | AE90: 0.062911338 | AF90: 0.032244532 | AG90: 0.089959567
A91: 711 | B91: 0.0089483646 | C91: 0.0090035535 | D91: 0.020116344 | E91: 0.35275718 | F91: 0.057115992 | G91: 0.014053494 | H91: 0.0057467526 | I91: 0.010703809 | J91: 0.0063388874 | K91: 0.0099221119 | L91: 0.022916125 | U91: 0.024851503 | V91: 0.018274623 | W91: 0.017451662 | X91: 0.02202799 | Y91: 0.016716726 | Z91: 0.023775731 | AA91: 0.018224878 | AB91: 0.0011026169 | AC91: 0.010324109 | AD91: 0.04890311 | AE91: 0.083502976 | AF91: 0.032756898 | AG91: 0.099503232
A92: 710 | B92: 0.010593518 | C92: 0.013498931 | D92: 0.024197297 | E92: 0.55823561 | F92: 0.080465907 | G92: 0.015999203 | H92: 0.009065884 | I92: 0.015651387 | J92: 0.0076830826 | K92: 0.012977104 | L92: 0.026614026 | U92: 0.034083274 | V92: 0.021823716 | W92: 0.020930256 | X92: 0.028608857 | Y92: 0.024896701 | Z92: 0.030063248 | AA92: 0.022182924 | AB92: 0.0022096923 | AC92: 0.015780199 | AD92: 0.05474759 | AE92: 0.081227467 | AF92: 0.052491258 | AG92: 0.096362377
A93: 709 | B93: 0.012251979 | C93: 0.015962656 | D93: 0.024796809 | E93: 0.79098945 | F93: 0.074712192 | G93: 0.022950735 | H93: 0.012462002 | I93: 0.016151942 | J93: 0.010210325 | K93: 0.01435078 | L93: 0.032279253 | U93: 0.034183825 | V93: 0.02904148 | W93: 0.027122141 | X93: 0.029692073 | Y93: 0.026772462 | Z93: 0.030196773 | AA93: 0.028775771 | AB93: 0.0054263746 | AC93: 0.019287128 | AD93: 0.065959836 | AE93: 0.086682162 | AF93: 0.046593442 | AG93: 0.12957234
A94: 708 | B94: 0.018960272 | C94: 0.01721147 | D94: 0.027141438 | E94: 1.1438029 | F94: 0.078220659 | G94: 0.028407662 | H94: 0.01410043 | I94: 0.01771245 | J94: 0.012712759 | K94: 0.017477276 | L94: 0.034475038 | U94: 0.037886576 | V94: 0.029482374 | W94: 0.026134248 | X94: 0.033189306 | Y94: 0.030708577 | Z94: 0.034617041 | AA94: 0.031582762 | AB94: 0.0063773516 | AC94: 0.017162521 | AD94: 0.070329095 | AE94: 0.10319144 | AF94: 0.052795315 | AG94: 0.13042888
A95: 707 | B95: 0.018629864 | C95: 0.021345139 | D95: 0.027636653 | E95: 0.85316537 | F95: 0.097764774 | G95: 0.023993333 | H95: 0.015011601 | I95: 0.019624948 | J95: 0.015170773 | K95: 0.020315281 | L95: 0.037062827 | U95: 0.047453433 | V95: 0.034153883 | W95: 0.029385775 | X95: 0.032857148 | Y95: 0.028683872 | Z95: 0.040992371 | AA95: 0.034080887 | AB95: 0.0060647825 | AC95: 0.022041086 | AD95: 0.082865703 | AE95: 0.14471493 | AF95: 0.064663687 | AG95: 0.12539639
A96: 706 | B96: 0.023095084 | C96: 0.025020452 | D96: 0.029463982 | E96: 0.93521487 | F96: 0.092396714 | G96: 0.036452637 | H96: 0.018435545 | I96: 0.025563133 | J96: 0.015612825 | K96: 0.024292545 | L96: 0.040807719 | U96: 0.047621246 | V96: 0.035385571 | W96: 0.037588682 | X96: 0.046173298 | Y96: 0.037185688 | Z96: 0.050837563 | AA96: 0.043719233 | AB96: 0.010341886 | AC96: 0.024342049 | AD96: 0.099032227 | AE96: 0.18852078 | AF96: 0.084797761 | AG96: 0.14398387
A97: 705 | B97: 0.025320827 | C97: 0.025407216 | D97: 0.039878689 | E97: 0.95857137 | F97: 0.10231917 | G97: 0.041647241 | H97: 0.021351438 | I97: 0.028616324 | J97: 0.019063109 | K97: 0.028410841 | L97: 0.046428222 | U97: 0.058506845 | V97: 0.041430004 | W97: 0.04173688 | X97: 0.045838432 | Y97: 0.038988766 | Z97: 0.052883867 | AA97: 0.0427547 | AB97: 0.011782819 | AC97: 0.025553687 | AD97: 0.09386113 | AE97: 0.13433175 | AF97: 0.092267331 | AG97: 0.15417948
A98: 704 | B98: 0.026957381 | C98: 0.029956041 | D98: 0.039141449 | E98: 1.2256704 | F98: 0.11595048 | G98: 0.042811781 | H98: 0.023447839 | I98: 0.025480068 | J98: 0.019018763 | K98: 0.028444598 | L98: 0.0482585 | U98: 0.06247672 | V98: 0.056194238 | W98: 0.04456988 | X98: 0.05354719 | Y98: 0.044159808 | Z98: 0.060315339 | AA98: 0.050317391 | AB98: 0.014823059 | AC98: 0.02997552 | AD98: 0.1156148 | AE98: 0.1677553 | AF98: 0.094316577 | AG98: 0.1522727
A99: 703 | B99: 0.029812153 | C99: 0.030976914 | D99: 0.037592884 | E99: 1.6648671 | F99: 0.11524337 | G99: 0.041687511 | H99: 0.026919083 | I99: 0.031554257 | J99: 0.020654949 | K99: 0.029068879 | L99: 0.05363575 | U99: 0.072543735 | V99: 0.048773451 | W99: 0.048134472 | X99: 0.048274743 | Y99: 0.045500649 | Z99: 0.06308731 | AA99: 0.05494312 | AB99: 0.015746555 | AC99: 0.030117008 | AD99: 0.11753447 | AE99: 0.12342215 | AF99: 0.094831157 | AG99: 0.16575048
A100: 702 | B100: 0.03579793 | C100: 0.031669905 | D100: 0.042580511 | E100: 1.3466056 | F100: 0.11423011 | G100: 0.044051828 | H100: 0.030775881 | I100: 0.034468514 | J100: 0.024733004 | K100: 0.033478094 | L100: 0.057414885 | U100: 0.071911702 | V100: 0.054020144 | W100: 0.053708005 | X100: 0.059610133 | Y100: 0.05213448 | Z100: 0.067416466 | AA100: 0.055136575 | AB100: 0.017442737 | AC100: 0.033500702 | AD100: 0.1280088 | AE100: 0.1501748 | AF100: 0.10827611 | AG100: 0.173285
A101: 701 | B101: 0.040169308 | C101: 0.036455492 | D101: 0.046469464 | E101: 1.716412 | F101: 0.12168297 | G101: 0.056838359 | H101: 0.037473733 | I101: 0.041743118 | J101: 0.027945318 | K101: 0.037343728 | L101: 0.064823217 | U101: 0.080668337 | V101: 0.063896564 | W101: 0.061369314 | X101: 0.064164955 | Y101: 0.054853781 | Z101: 0.080009262 | AA101: 0.060575919 | AB101: 0.019573498 | AC101: 0.039488636 | AD101: 0.14875533 | AE101: 0.16383151 | AF101: 0.12347826 | AG101: 0.17829076
A102: 700 | B102: 0.040953493 | C102: 0.041748822 | D102: 0.04547528 | E102: 1.6507145 | F102: 0.13496005 | G102: 0.052524252 | H102: 0.035361202 | I102: 0.041827719 | J102: 0.029199647 | K102: 0.038632618 | L102: 0.074014907 | U102: 0.081291979 | V102: 0.059193791 | W102: 0.070293635 | X102: 0.065542074 | Y102: 0.061463202 | Z102: 0.085502304 | AA102: 0.06961741 | AB102: 0.0214768 | AC102: 0.0396049 | AD102: 0.15232028 | AE102: 0.17726538 | AF102: 0.11136028 | AG102: 0.18636374
... A402: 400 | B402: 0.82287904 | C402: 0.3462582 | D402: 2.6643643 | E402: 33.634547 | F402: 13.483952 | G402: 1.2223508 | H402: 0.58697045 | I402: 0.53011239 | J402: 0.44278195 | K402: 0.96648902 | L402: 2.7051686 | U402: 2.0274363 | V402: 1.297647 | W402: 1.5592681 | X402: 0.93746367 | Y402: 0.96579528 | Z402: 1.4644922 | AA402: 1.3797451 | AB402: 0.27648585 | AC402: 0.33201153 | AD402: 2.3109089 | AE402: 8.8718378 | AF402: 2.8461178 | AG402: 4.0247291

Sheet ad
A1: Wavelength (nm) | B1: =+ap!B1 -> SC-21-0101 | C1: =+ap!C1 -> SC-21-0104 | D1: =+ap!D1 -> SC-21-0109 | E1: =+ap!E1 -> SC-21-0113 | F1: =+ap!F1 -> SC-21-0115 | G1: =+ap!G1 -> SC-21-0119 | H1: =+ap!H1 -> SC-21-0124 | I1: =+ap!I1 -> SC-21-0128 | ... AG1: =+ap!AG1 -> SC-21-0231
A2: 800
A3: 799
A4: 798
A5: 797
A6: 796
A7: 795
A8: 794
A9: 793
A10: 792
A11: 791
A12: 790
A13: 789
... A51: 751
A52: 750 | B52: 0 | C52: 0 | D52: 0 | E52: 0 | F52: 0 | G52: 0 | H52: 0 | I52: 0 | J52: 0 | K52: 0 | L52: 0 | U52: 0 | V52: 0 | W52: 0 | X52: 0 | Y52: 0 | Z52: 0 | AA52: 0 | AB52: 0 | AC52: 0 | AD52: 0 | AE52: 0 | AF52: 0 | AG52: 0
A53: 749 | B53: 4.5826954e-06 | C53: 8.9022332e-06 | D53: 3.1947855e-10 | E53: 0.00014709147 | F53: 2.5104702e-11 | G53: 2.5721166e-05 | H53: 1.9479609e-05 | I53: 1.187999e-05 | J53: 8.3892215e-06 | K53: 3.9389098e-06 | L53: 2.0496587e-08 | U53: 1.0471049e-09 | V53: 2.548978e-05 | W53: 4.6800147e-10 | X53: 1.3136528e-05 | Y53: 2.4886353e-05 | Z53: 7.6759374e-05 | AA53: 2.1113439e-05 | AB53: 3.8346011e-09 | AC53: 1.3537473e-05 | AD53: 6.7411531e-05 | AE53: 1.3462389e-09 | AF53: 3.0540445e-05 | AG53: 8.7104272e-06
A54: 748 | B54: 1.1239909e-05 | C54: 2.1743603e-05 | D54: 7.9905283e-10 | E54: 0.00035965743 | F54: 6.3200682e-11 | G54: 6.2847937e-05 | H54: 4.7575236e-05 | I54: 2.9044168e-05 | J54: 2.0507202e-05 | K54: 9.6710719e-06 | L54: 5.0916381e-08 | U54: 2.61477e-09 | V54: 6.2312736e-05 | W54: 1.1698365e-09 | X54: 3.2079693e-05 | Y54: 6.081861e-05 | Z54: 0.00018739786 | AA54: 5.1635023e-05 | AB54: 9.5166335e-09 | AC54: 3.3038398e-05 | AD54: 0.00016469446 | AE54: 3.3664821e-09 | AF54: 7.4673369e-05 | AG54: 2.1284095e-05
A55: 747 | B55: 1.9074076e-05 | C55: 3.6744801e-05 | D55: 1.3830317e-09 | E55: 0.00060844865 | F55: 1.1011778e-10 | G55: 0.00010624873 | H55: 8.0392111e-05 | I55: 4.9128664e-05 | J55: 3.4683596e-05 | K55: 1.6429129e-05 | L55: 8.7522113e-08 | U55: 4.5184532e-09 | V55: 0.00010539514 | W55: 2.0235889e-09 | X55: 5.4201518e-05 | Y55: 0.0001028358 | Z55: 0.0003165404 | AA55: 8.7370215e-05 | AB55: 1.6342789e-08 | AC55: 5.5786779e-05 | AD55: 0.00027839151 | AE55: 5.8257546e-09 | AF55: 0.00012632503 | AG55: 3.5983495e-05
A56: 746 | B56: 2.7838066e-05 | C56: 5.3403292e-05 | D56: 2.0591476e-09 | E56: 0.00088525424 | F56: 1.650585e-10 | G56: 0.00015447732 | H56: 0.00011682978 | I56: 7.1469371e-05 | J56: 5.0448774e-05 | K56: 2.400334e-05 | L56: 1.2940117e-07 | U56: 6.7163744e-09 | V56: 0.00015331098 | W56: 3.0110249e-09 | X56: 7.8758999e-05 | Y56: 0.00014954111 | Z56: 0.00045983376 | AA56: 0.00012714284 | AB56: 2.4139295e-08 | AC56: 8.1012195e-05 | AD56: 0.00040470729 | AE56: 8.6721261e-09 | AF56: 0.00018379016 | AG56: 5.231904e-05
A57: 745 | B57: 3.7407368e-05 | C57: 7.1458781e-05 | D57: 2.8232487e-09 | E57: 0.001185848 | F57: 2.2786134e-10 | G57: 0.00020678623 | H57: 0.00015631801 | I57: 9.5724185e-05 | J57: 6.7560622e-05 | K57: 3.2288937e-05 | L57: 1.7616776e-07 | U57: 9.1934067e-09 | V57: 0.00020532532 | W57: 4.1258081e-09 | X57: 0.00010536688 | Y57: 0.00020021337 | Z57: 0.00061501747 | AA57: 0.00017034823 | AB57: 3.2831158e-08 | AC57: 0.00010831386 | AD57: 0.00054167881 | AE57: 1.1887873e-08 | AF57: 0.00024619088 | AG57: 7.0037747e-05
A58: 744 | B58: 4.7707409e-05 | C58: 9.0750011e-05 | D58: 3.6745581e-09 | E58: 0.0015076307 | F58: 2.9863698e-10 | G58: 0.00026271358 | H58: 0.00019850338 | I58: 0.00012168251 | J58: 8.5869958e-05 | K58: 4.1223875e-05 | L58: 2.2765151e-07 | U58: 1.194545e-08 | V58: 0.00026098554 | W58: 5.3665392e-09 | X58: 0.00013378621 | Y58: 0.00025440741 | Z58: 0.00078068713 | AA58: 0.00021661504 | AB58: 4.2383723e-08 | AC58: 0.00013744224 | AD58: 0.00068809198 | AE58: 1.5469485e-08 | AF58: 0.00031298721 | AG58: 8.8983323e-05
A59: 743 | B59: 5.8689446e-05 | C59: 0.00011116708 | D59: 4.6141341e-09 | E59: 0.0018488464 | F59: 3.7765165e-10 | G59: 0.00032194549 | H59: 0.00024314488 | I59: 0.0001492019 | J59: 0.00010527575 | K59: 5.0768202e-05 | L59: 2.8379542e-07 | U59: 1.4974345e-08 | V59: 0.00031998526 | W59: 6.7344944e-09 | X59: 0.0001638539 | Y59: 0.00031182117 | Z59: 0.00095588239 | AA59: 0.00026569278 | AB59: 5.2783498e-08 | AC59: 0.00016822631 | AD59: 0.00084312097 | AE59: 1.9421177e-08 | AF59: 0.00038381424 | AG59: 0.00010904959
A60: 742 | B60: 7.0320009e-05 | C60: 0.00013263047 | D60: 5.6442146e-09 | E60: 0.0022082376 | F60: 4.6527852e-10 | G60: 0.00038425568 | H60: 0.00029006805 | I60: 0.0001781802 | J60: 0.00012570547 | K60: 6.0895032e-05 | L60: 3.446118e-07 | U60: 1.8285699e-08 | V60: 0.00038210462 | W60: 8.2326606e-09 | X60: 0.00019545176 | Y60: 0.00037223722 | Z60: 0.0011399059 | AA60: 0.00031740247 | AB60: 6.4029863e-08 | AC60: 0.00020054154 | AD60: 0.0010061698 | AE60: 2.3752114e-08 | AF60: 0.00045841059 | AG60: 0.00013016003
A61: 741 | B61: 8.2575485e-05 | C61: 0.00015508032 | D61: 6.7678928e-09 | E61: 0.0025848685 | F61: 5.6197461e-10 | G61: 0.0004494744 | H61: 0.00033914138 | I61: 0.00020854128 | J61: 0.00014710495 | K61: 7.1585925e-05 | L61: 4.1016004e-07 | U61: 2.1887804e-08 | V61: 0.00044717961 | W61: 9.8652568e-09 | X61: 0.00022849063 | Y61: 0.00043549276 | Z61: 0.00133223 | AA61: 0.00037161122 | AB61: 7.6130882e-08 | AC61: 0.00023429339 | AD61: 0.0011767906 | AE61: 2.847505e-08 | AF61: 0.00053658169 | AG61: 0.00015225725
A62: 740 | B62: 9.5439036e-05 | C62: 0.00017847018 | D62: 7.9889428e-09 | E62: 0.002978024 | F62: 6.6826931e-10 | G62: 0.00051747068 | H62: 0.00039026285 | I62: 0.00024022683 | J62: 0.00016943266 | K62: 8.2828256e-05 | L62: 4.8053424e-07 | U62: 2.5791046e-08 | V62: 0.00051508449 | W62: 1.1637476e-08 | X62: 0.00026290122 | Y62: 0.00050146247 | Z62: 0.0015324436 | AA62: 0.00042821781 | AB62: 8.910096e-08 | AC62: 0.00026940797 | AD62: 0.0013546373 | AE62: 3.3605585e-08 | AF62: 0.0006181788 | AG62: 0.00017529701
A63: 739 | B63: 0.00010889872 | C63: 0.00020276331 | D63: 9.3117212e-09 | E63: 0.0033871476 | F63: 7.8475873e-10 | G63: 0.00058814139 | H63: 0.00044335159 | I63: 0.00027319137 | J63: 0.00019265609 | K63: 9.4613604e-05 | L63: 5.5585583e-07 | U63: 3.0007569e-08 | V63: 0.00058572107 | W63: 1.3555338e-08 | X63: 0.00029862852 | Y63: 0.00057004794 | Z63: 0.0017402192 | AA63: 0.00048714371 | AB63: 1.0295944e-07 | AC63: 0.00030582616 | AD63: 0.0015394371 | AE63: 3.9161749e-08 | AF63: 0.0007030861 | AG63: 0.00019924448
... A402: 400 | B402: 0.82837148 | C402: 0.1722586 | D402: 10.039772 | E402: 4.9433262 | F402: 52.260617 | G402: 0.60483169 | H402: 0.36337601 | I402: 0.37215519 | J402: 0.24521241 | K402: 1.298271 | L402: 8.4724618 | U402: 11.906339 | V402: 0.7684599 | W402: 10.088244 | X402: 0.23111492 | Y402: 0.63897426 | Z402: 1.183112 | AA402: 0.78495985 | AB402: 0.87134765 | AC402: 0.17601055 | AD402: 1.4855839 | AE402: 37.622443 | AF402: 1.0127023 | AG402: 0.20854387

Sheet aphy
A1: Wavelength (nm) | B1: =+ap!B1 -> SC-21-0101 | C1: =+ap!C1 -> SC-21-0104 | D1: =+ap!D1 -> SC-21-0109 | E1: =+ap!E1 -> SC-21-0113 | F1: =+ap!F1 -> SC-21-0115 | G1: =+ap!G1 -> SC-21-0119 | H1: =+ap!H1 -> SC-21-0124 | I1: =+ap!I1 -> SC-21-0128 | ... AG1: =+ap!AG1 -> SC-21-0231 | AI1: B/R | AK1: Si la razón B/R es >3.0 domina el picofitoplancton (< 2 um) | AQ1: =+B1 -> SC-21-0101 | AR1: =+C1 -> SC-21-0104 | AS1: =+D1 -> SC-21-0109 | AT1: =+E1 -> SC-21-0113 | AU1: =+F1 -> SC-21-0115 | AV1: =+G1 -> SC-21-0119 | AW1: =+H1 -> SC-21-0124 | AX1: =+I1 -> SC-21-0128 | ... BV1: =+AG1 -> SC-21-0231
A2: 800 | AI2: B= | AJ2: afito(443) | AK2: Si la razón B/R es <2.5 domina el microfitoplancton (> 20 um) | AP2: B/R = | AQ2: =B$359/B$127 -> 1.9519775 | AR2: =C$359/C$127 -> 2.2014279 | AS2: =D$359/D$127 -> 3.0722802 | AT2: =E$359/E$127 -> 7.8643718 | AU2: =F$359/F$127 -> 4.2821312 | AV2: =G$359/G$127 -> 3.2566001 | AW2: =H$359/H$127 -> 1.6918457 | AX2: =I$359/I$127 -> 1.9483405 | ... BA2: =L$359/L$127 -> 1.3762803 | BJ2: =U$359/U$127 -> 0.91253619 | BK2: =V$359/V$127 -> 2.2614735 | BL2: =W$359/W$127 -> 1.0734607 | BM2: =X$359/X$127 -> 4.1807015 | BN2: =Y$359/Y$127 -> 1.9085866 | BO2: =Z$359/Z$127 -> 1.2020199 | BP2: =AA$359/AA$127 -> 2.6039908 | BQ2: =AB$359/AB$127 -> 1.8301599 | ... BV2: =AG$359/AG$127 -> 9.2424693
A3: 799 | AI3: R= | AJ3: afito(675) | AK3: Valores entre 2.5 y 3 domina el nanoplancton | AP3: [ ] Clorofila a = | AQ3: 2.3361 | AS3: 2.1261 | AT3: 0.3827 | AU3: 3.0243 | AV3: 5.5122 | AW3: 4.9193 | AX3: 3.3152 | AY3: 2.803 | AZ3: 3.5209 | BA3: 16.373 | BB3: 2.651 | BC3: 4.7536 | BD3: 0.2861 | BE3: 0.6087 | BF3: 1.2024 | BG3: 8.9747 | BH3: 8.7417 | BI3: 8.0399 | BJ3: 11.152 | BK3: 6.5181 | BL3: 7.4729 | BM3: 1.4715 | BN3: 6.5523 | BO3: 18.4549 | BP3: 8.461541 | BQ3: 0.986503 | BR3: 1.920167 | BS3: 15.24317 | BT3: 3.782756 | BU3: 12.55027 | BV3: 1.937818
A4: 798 | AQ4: E01 | AR4: E02 | AS4: E03 | AT4: E04 | AU4: E05 | AV4: E06 | AW4: E11 | AX4: E12 | AY4: E13 | AZ4: E14 | BA4: E08 | BB4: E43 | BC4: E41 | BD4: E39 | BE4: E37 | BF4: E35 | BG4: E34 | BH4: E33 | BI4: E32 | BJ4: E27 | BK4: E24 | BL4: E25 | BM4: E27_5m | BN4: E28 | BO4: E29 | BP4: E31_sup | BQ4: E31_10m | BR4: E31_5m | BS4: E30 | BT4: E07_sup | BU4: E09_sup | BV4: E10_sup
A5: 797 | AQ5: E01 | AR5: E02 | AS5: E03 | AT5: E04 | AU5: E05 | AV5: E06 | AW5: E11 | AX5: E12 | AY5: E13 | AZ5: E14 | BA5: E08 | BJ5: E27 | BK5: E24 | BL5: E25 | BN5: E28 | BO5: E29 | BP5: E31 | BS5: E30 | BT5: E07 | BU5: E09 | BV5: E10
A6: 796
A7: 795
A8: 794
A9: 793
A10: 792
A11: 791
A12: 790
A13: 789
A14: 788
A15: 787
A16: 786
A17: 785
... A51: 751
A52: 750 | B52: 0 | C52: 0 | D52: 0 | E52: 0 | F52: 0 | G52: 0 | H52: 0 | I52: 0 | J52: 0 | K52: #NUM! | L52: 0 | U52: 0 | V52: 0 | W52: 0 | X52: 0 | Y52: 0 | Z52: 0 | AA52: 0 | AB52: #NUM! | AC52: 0 | AD52: 0 | AE52: 0 | AF52: 0 | AG52: 0
A53: 749 | B53: 0.0010895643 | C53: 0.0051286155 | D53: 0.0027638582 | E53: 0.18553941 | F53: 0.011752924 | G53: 0.0027103974 | H53: 0.0025034842 | I53: 0.0074317068 | J53: 0.005048656 | K53: 0.0012557503 | L53: 0.0021208462 | U53: 0.0035648575 | V53: 0.0021961612 | W53: 0.0017537177 | X53: 0.005482102 | Y53: 0.0059286726 | Z53: 0.0022129597 | AA53: 0.0082306003 | AB53: #NUM! | AC53: 0.0058779549 | AD53: 0.011816206 | AE53: 0.0084496669 | AF53: 0.01171577 | AG53: 0.053114132
A54: 748 | B54: 0.0012451044 | C54: 0.0081929924 | D54: 0.00090993517 | E54: 0.15609226 | F54: 0.011486141 | G54: 0.00284311 | H54: 0.0022335351 | I54: 0.0072321699 | J54: 0.0040798322 | K54: 0.00093779664 | L54: 0.0014940963 | U54: 0.0039381675 | V54: 0.0036562968 | W54: 0.00206651 | X54: 0.007337476 | Y54: 0.0044521012 | Z54: 0.0028409903 | AA54: 0.0059798237 | AB54: 0.00020464329 | AC54: 0.0068691419 | AD54: 0.011201057 | AE54: 0.016936086 | AF54: 0.010579416 | AG54: 0.059272711
A55: 747 | B55: 0.00016640445 | C55: 0.0040654285 | D55: 0.0012691501 | E55: 0.14346646 | F55: 0.01044807 | G55: 0.0024392458 | H55: 0.00060741711 | I55: 0.0058290739 | J55: 0.0023140869 | K55: #NUM! | L55: 0.0007795498 | U55: 0.0031012788 | V55: 0.0047103037 | W55: 0.0016973344 | X55: 0.0069619453 | Y55: 0.0052309667 | Z55: 0.0014630845 | AA55: 0.00423914 | AB55: #NUM! | AC55: 0.0062813236 | AD55: 0.0051350274 | AE55: 0.012203794 | AF55: 0.0056005994 | AG55: 0.054505451
A56: 746 | B56: #NUM! | C56: 0.0035513883 | D56: 0.00062290253 | E56: 0.2412323 | F56: 0.011592115 | G56: 0.002152766 | H56: 3.6914769e-05 | I56: 0.0059374764 | J56: 0.0023152436 | K56: 0.00029129583 | L56: 0.0015804546 | U56: 0.0065536012 | V56: 0.0054083893 | W56: 0.00049159325 | X56: 0.0042615905 | Y56: 0.0030063198 | Z56: 9.858134e-05 | AA56: 0.003935819 | AB56: #NUM! | AC56: 0.0074039021 | AD56: 0.0067119084 | AE56: 0.0075324222 | AF56: 0.0042795885 | AG56: 0.056315763
A57: 745 | B57: #NUM! | C57: 0.0037129342 | D57: 0.0011843908 | E57: 0.12896844 | F57: 0.010639895 | G57: 0.00055599214 | H57: 0.00051467842 | I57: 0.0037526412 | J57: 0.00059338685 | K57: #NUM! | L57: 0.00046542242 | U57: 0.0049475454 | V57: 0.0038674316 | W57: 0.0013997059 | X57: 0.0017260499 | Y57: 0.0025125192 | Z57: 6.3067848e-05 | AA57: 0.0038926136 | AB57: #NUM! | AC57: 0.0054990544 | AD57: 0.0065884543 | AE57: 0.0091111011 | AF57: 0.0052410671 | AG57: 0.050047687
A58: 744 | B58: #NUM! | C58: 0.0039729609 | D58: 0.00047193818 | E58: 0.1029414 | F58: 0.0030721391 | G58: 0.00038898455 | H58: 0.00071305308 | I58: 0.0041688908 | J58: 0.001472871 | K58: #NUM! | L58: 0.00010992962 | U58: 0.0045625219 | V58: 0.002296591 | W58: #NUM! | X58: 0.002180598 | Y58: 0.0022362006 | Z58: -0.00072273671 | AA58: 0.0022599164 | AB58: #NUM! | AC58: 0.0027914585 | AD58: 0.006847097 | AE58: 0.005166437 | AF58: 0.0033100744 | AG58: 0.052041838
A59: 743 | B59: #NUM! | C59: 0.0010904866 | D59: 0.0014985296 | E59: 0.02671888 | F59: 0.0053085809 | G59: 0.00018147517 | H59: #NUM! | I59: 9.1425298e-05 | J59: 0.00026337821 | K59: #NUM! | L59: 5.7493628e-05 | U59: 0.0026489632 | V59: 0.00359455 | W59: #NUM! | X59: 0.0020432263 | Y59: 0.00078638246 | Z59: -0.00095571239 | AA59: 0.0013406934 | AB59: #NUM! | AC59: 0.0035613034 | AD59: 0.0035787192 | AE59: 0.0043677045 | AF59: 0.00066180185 | AG59: 0.048567603
A60: 742 | B60: #NUM! | C60: 0.0014349485 | D60: 0.00084895483 | E60: 0.059046066 | F60: 0.00044315497 | G60: 0.0014622306 | H60: #NUM! | I60: -0.00010333159 | J60: #NUM! | K60: #NUM! | L60: 5.8618255e-05 | U60: 0.0011036932 | V60: 0.0010272739 | W60: #NUM! | X60: 0.0016399209 | Y60: 0.00068056977 | Z60: #NUM! | AA60: 0.00061512128 | AB60: #NUM! | AC60: 0.00079422071 | AD60: 0.0015690927 | AE60: 0.002871531 | AF60: -0.00017179665 | AG60: 0.043450472
A61: 741 | B61: #NUM! | C61: 0.00076772388 | D61: 2.5242037e-06 | E61: 0.019989016 | F61: 0.0017787309 | G61: 0.001033564 | H61: #NUM! | I61: 9.7773245e-05 | J61: 7.3281299e-05 | K61: #NUM! | L61: 0.0001711168 | U61: 0.0027934956 | V61: 0.0031258451 | W61: #NUM! | X61: 0.0022943718 | Y61: 0.00061249951 | Z61: #NUM! | AA61: 0.000344484 | AB61: #NUM! | AC61: 0.0014108869 | AD61: 0.0020023938 | AE61: 0.0025792885 | AF61: #NUM! | AG61: 0.053057947
A62: 740 | B62: #NUM! | C62: -1.0229488e-05 | D62: 0.00041826994 | E62: 0.0072306198 | F62: 0.0026928352 | G62: 0.0011880914 | H62: #NUM! | I62: 7.1536227e-05 | J62: #NUM! | K62: #NUM! | L62: 0.00029433633 | U62: 0.0014958129 | V62: 0.00068738887 | W62: #NUM! | X62: 0.0017414258 | Y62: #NUM! | Z62: #NUM! | AA62: -0.00012511985 | AB62: #NUM! | AC62: 0.001140692 | AD62: -0.00025814017 | AE62: 0.0039603436 | AF62: 0.00023472396 | AG62: 0.045844108
A63: 739 | B63: #NUM! | C63: #NUM! | D63: #NUM! | E63: #NUM! | F63: 0.0055629889 | G63: -0.00043074604 | H63: #NUM! | I63: #NUM! | J63: #NUM! | K63: #NUM! | L63: 6.3184886e-05 | U63: 0.0016024268 | V63: 0.00049992169 | W63: #NUM! | X63: 0.00013807313 | Y63: #NUM! | Z63: #NUM! | AA63: -0.00031409221 | AB63: #NUM! | AC63: -0.00015449658 | AD63: -0.0013396038 | AE63: 0.0027158401 | AF63: -0.00062144424 | AG63: 0.037850765
A64: 738 | B64: #NUM! | C64: #NUM! | D64: 0.00071524751 | E64: #NUM! | F64: 0.0041856101 | G64: #NUM! | H64: #NUM! | I64: #NUM! | J64: #NUM! | K64: #NUM! | L64: 4.5457698e-05 | U64: 0.0011730076 | V64: -0.00012088852 | W64: #NUM! | X64: #NUM! | Y64: #NUM! | Z64: #NUM! | AA64: #NUM! | AB64: #NUM! | AC64: #NUM! | AD64: -0.0011519187 | AE64: 0.002266934 | AF64: #NUM! | AG64: 0.040651494
A65: 737 | B65: #NUM! | C65: #NUM! | D65: #NUM! | E65: #NUM! | F65: 0.00041583596 | G65: #NUM! | H65: #NUM! | I65: #NUM! | J65: #NUM! | K65: #NUM! | L65: #NUM! | U65: 0.00023131991 | V65: #NUM! | W65: #NUM! | X65: -0.00035783511 | Y65: #NUM! | Z65: #NUM! | AA65: #NUM! | AB65: #NUM! | AC65: #NUM! | AD65: #NUM! | AE65: 0.00026253226 | AF65: #NUM! | AG65: 0.038561435
A66: 736 | B66: #NUM! | C66: #NUM! | D66: #NUM! | E66: #NUM! | F66: 0.004550856 | G66: #NUM! | H66: #NUM! | I66: #NUM! | J66: #NUM! | K66: #NUM! | L66: #NUM! | U66: #NUM! | V66: #NUM! | W66: #NUM! | X66: #NUM! | Y66: #NUM! | Z66: #NUM! | AA66: #NUM! | AB66: #NUM! | AC66: #NUM! | AD66: #NUM! | AE66: #NUM! | AF66: #NUM! | AG66: 0.030040629
A67: 735 | B67: #NUM! | C67: 0.00070190611 | D67: 0.0017753467 | E67: 0.032679642 | F67: 0.011617223 | G67: #NUM! | H67: #NUM! | I67: 0.0010862311 | J67: #NUM! | K67: #NUM! | L67: 0.00058232394 | U67: 0.00037886401 | V67: #NUM! | W67: 5.6391998e-05 | X67: 0.0041618575 | Y67: #NUM! | Z67: #NUM! | AA67: 0.0019703404 | AB67: #NUM! | AC67: 0.0016784325 | AD67: -0.0012780817 | AE67: 0.0089859414 | AF67: #NUM! | AG67: 0.045600029
A68: 734 | B68: #NUM! | C68: -0.00023827927 | D68: 0.0021753447 | E68: 0.014979741 | F68: 0.011763251 | G68: #NUM! | H68: #NUM! | I68: #NUM! | J68: #NUM! | K68: #NUM! | L68: 0.00066635948 | U68: 0.00033907306 | V68: -0.00093131553 | W68: #NUM! | X68: 0.00056976809 | Y68: 0.00026529044 | Z68: #NUM! | AA68: 0.0025712331 | AB68: #NUM! | AC68: 0.0028046468 | AD68: -0.00072264604 | AE68: 0.0044233966 | AF68: -0.00023752781 | AG68: 0.035204694
A69: 733 | B69: #NUM! | C69: 7.6456259e-05 | D69: 0.0026621093 | E69: 0.065761991 | F69: 0.0027255651 | G69: #NUM! | H69: #NUM! | I69: -0.00042203712 | J69: #NUM! | K69: #NUM! | L69: 0.0016086901 | U69: 0.00090525647 | V69: -7.7841461e-05 | W69: #NUM! | X69: 0.00078663387 | Y69: 0.00014316255 | Z69: #NUM! | AA69: 0.00011357769 | AB69: #NUM! | AC69: 0.00057256621 | AD69: 0.00031283518 | AE69: 0.012557515 | AF69: #NUM! | AG69: 0.043607996
A70: 732 | B70: #NUM! | C70: #NUM! | D70: 0.00076910662 | E70: -0.0053024408 | F70: 0.0042119115 | G70: #NUM! | H70: #NUM! | I70: #NUM! | J70: #NUM! | K70: #NUM! | L70: 0.00032033 | U70: 0.0058473423 | V70: -0.00019189856 | W70: #NUM! | X70: 0.00015619066 | Y70: -0.0010870018 | Z70: #NUM! | AA70: 0.00048084343 | AB70: #NUM! | AC70: #NUM! | AD70: -0.0028980703 | AE70: 0.0036105354 | AF70: #NUM! | AG70: 0.047036335
A71: 731 | B71: #NUM! | C71: #NUM! | D71: 0.0011502422 | E71: #NUM! | F71: 0.011224038 | G71: #NUM! | H71: #NUM! | I71: #NUM! | J71: #NUM! | K71: #NUM! | L71: #NUM! | U71: 0.0018245562 | V71: #NUM! | W71: #NUM! | X71: #NUM! | Y71: #NUM! | Z71: #NUM! | AA71: -0.00099744482 | AB71: #NUM! | AC71: #NUM! | AD71: #NUM! | AE71: 0.00287903 | AF71: -0.0014727325 | AG71: 0.040155185
A72: 730 | B72: #NUM! | C72: #NUM! | D72: #NUM! | E72: #NUM! | F72: 0.005507494 | G72: #NUM! | H72: #NUM! | I72: #NUM! | J72: #NUM! | K72: #NUM! | L72: #NUM! | U72: #NUM! | V72: #NUM! | W72: #NUM! | X72: #NUM! | Y72: #NUM! | Z72: #NUM! | AA72: #NUM! | AB72: #NUM! | AC72: #NUM! | AD72: #NUM! | AE72: 0.0030616264 | AF72: #NUM! | AG72: 0.02813496
A73: 729 | B73: #NUM! | C73: #NUM! | D73: #NUM! | E73: #NUM! | F73: #NUM! | G73: #NUM! | H73: #NUM! | I73: #NUM! | J73: #NUM! | K73: #NUM! | L73: #NUM! | U73: #NUM! | V73: #NUM! | W73: #NUM! | X73: #NUM! | Y73: #NUM! | Z73: #NUM! | AA73: #NUM! | AB73: #NUM! | AC73: #NUM! | AD73: #NUM! | AE73: #NUM! | AF73: #NUM! | AG73: 0.032348511
A74: 728 | B74: #NUM! | C74: #NUM! | D74: 0.00095635399 | E74: #NUM! | F74: #NUM! | G74: #NUM! | H74: #NUM! | I74: #NUM! | J74: #NUM! | K74: #NUM! | L74: #NUM! | U74: #NUM! | V74: #NUM! | W74: #NUM! | X74: #NUM! | Y74: #NUM! | Z74: #NUM! | AA74: #NUM! | AB74: #NUM! | AC74: #NUM! | AD74: #NUM! | AE74: 7.4485908e-06 | AF74: #NUM! | AG74: 0.03150904
A75: 727 | B75: #NUM! | C75: #NUM! | D75: #NUM! | E75: #NUM! | F75: #NUM! | G75: #NUM! | H75: #NUM! | I75: #NUM! | J75: #NUM! | K75: #NUM! | L75: #NUM! | U75: #NUM! | V75: #NUM! | W75: #NUM! | X75: #NUM! | Y75: #NUM! | Z75: #NUM! | AA75: #NUM! | AB75: #NUM! | AC75: #NUM! | AD75: #NUM! | AE75: #NUM! | AF75: #NUM! | AG75: 0.026910678
A76: 726 | B76: #NUM! | C76: #NUM! | D76: #NUM! | E76: #NUM! | F76: #NUM! | G76: #NUM! | H76: #NUM! | I76: #NUM! | J76: #NUM! | K76: #NUM! | L76: #NUM! | U76: #NUM! | V76: #NUM! | W76: #NUM! | X76: #NUM! | Y76: #NUM! | Z76: #NUM! | AA76: #NUM! | AB76: #NUM! | AC76: #NUM! | AD76: #NUM! | AE76: #NUM! | AF76: #NUM! | AG76: 0.023884246
A77: 725 | B77: #NUM! | C77: #NUM! | D77: #NUM! | E77: #NUM! | F77: #NUM! | G77: #NUM! | H77: #NUM! | I77: #NUM! | J77: #NUM! | K77: #NUM! | L77: #NUM! | U77: #NUM! | V77: #NUM! | W77: #NUM! | X77: #NUM! | Y77: #NUM! | Z77: #NUM! | AA77: #NUM! | AB77: #NUM! | AC77: #NUM! | AD77: #NUM! | AE77: #NUM! | AF77: #NUM! | AG77: 0.02053661
A78: 724 | B78: #NUM! | C78: #NUM! | D78: #NUM! | E78: #NUM! | F78: #NUM! | G78: #NUM! | H78: #NUM! | I78: #NUM! | J78: #NUM! | K78: #NUM! | L78: #NUM! | U78: #NUM! | V78: #NUM! | W78: #NUM! | X78: #NUM! | Y78: #NUM! | Z78: #NUM! | AA78: #NUM! | AB78: #NUM! | AC78: #NUM! | AD78: #NUM! | AE78: #NUM! | AF78: #NUM! | AG78: 0.021537445
A79: 723 | B79: #NUM! | C79: #NUM! | D79: #NUM! | E79: #NUM! | F79: #NUM! | G79: #NUM! | H79: #NUM! | I79: #NUM! | J79: #NUM! | K79: #NUM! | L79: #NUM! | U79: #NUM! | V79: #NUM! | W79: #NUM! | X79: #NUM! | Y79: #NUM! | Z79: #NUM! | AA79: #NUM! | AB79: #NUM! | AC79: #NUM! | AD79: #NUM! | AE79: #NUM! | AF79: #NUM! | AG79: 0.015115638
A80: 722 | B80: #NUM! | C80: #NUM! | D80: #NUM! | E80: #NUM! | F80: #NUM! | G80: #NUM! | H80: #NUM! | I80: #NUM! | J80: #NUM! | K80: #NUM! | L80: #NUM! | U80: #NUM! | V80: #NUM! | W80: #NUM! | X80: #NUM! | Y80: #NUM! | Z80: #NUM! | AA80: #NUM! | AB80: #NUM! | AC80: #NUM! | AD80: #NUM! | AE80: #NUM! | AF80: #NUM! | AG80: 0.018930284
A81: 721 | B81: #NUM! | C81: #NUM! | D81: #NUM! | E81: #NUM! | F81: #NUM! | G81: #NUM! | H81: #NUM! | I81: #NUM! | J81: #NUM! | K81: #NUM! | L81: #NUM! | U81: #NUM! | V81: #NUM! | W81: #NUM! | X81: #NUM! | Y81: #NUM! | Z81: #NUM! | AA81: #NUM! | AB81: #NUM! | AC81: #NUM! | AD81: #NUM! | AE81: #NUM! | AF81: #NUM! | AG81: 0.021016716
A82: 720 | B82: #NUM! | C82: #NUM! | D82: #NUM! | E82: #NUM! | F82: #NUM! | G82: #NUM! | H82: #NUM! | I82: #NUM! | J82: #NUM! | K82: #NUM! | L82: #NUM! | U82: #NUM! | V82: #NUM! | W82: #NUM! | X82: #NUM! | Y82: #NUM! | Z82: #NUM! | AA82: #NUM! | AB82: #NUM! | AC82: #NUM! | AD82: #NUM! | AE82: #NUM! | AF82: #NUM! | AG82: 0.022975881
A83: 719 | B83: #NUM! | C83: #NUM! | D83: 0.00011901537 | E83: #NUM! | F83: #NUM! | G83: #NUM! | H83: #NUM! | I83: #NUM! | J83: #NUM! | K83: #NUM! | L83: #NUM! | U83: #NUM! | V83: #NUM! | W83: #NUM! | X83: #NUM! | Y83: #NUM! | Z83: #NUM! | AA83: #NUM! | AB83: #NUM! | AC83: #NUM! | AD83: #NUM! | AE83: 0.00051825497 | AF83: #NUM! | AG83: 0.025193627
A84: 718 | B84: #NUM! | C84: #NUM! | D84: 0.0059426825 | E84: #NUM! | F84: 0.0010721162 | G84: 0.00064228629 | H84: #NUM! | I84: #NUM! | J84: #NUM! | K84: #NUM! | L84: 0.0036923496 | U84: 0.0024684798 | V84: -0.00015755869 | W84: 0.0021572379 | X84: -0.0011318852 | Y84: 8.813025e-05 | Z84: -0.0058894183 | AA84: -0.0010286138 | AB84: #NUM! | AC84: -0.00023332556 | AD84: 0.0015078184 | AE84: 0.030538694 | AF84: -0.0020471341 | AG84: 0.059291962
A85: 717 | B85: #NUM! | C85: #NUM! | D85: 0.0049451057 | E85: #NUM! | F85: 0.01351787 | G85: -0.0023001441 | H85: #NUM! | I85: #NUM! | J85: #NUM! | K85: #NUM! | L85: 0.0061458408 | U85: 0.0035195913 | V85: #NUM! | W85: 0.00041799374 | X85: 0.0015763056 | Y85: -0.00081518218 | Z85: -0.0065790992 | AA85: 0.00081599852 | AB85: #NUM! | AC85: #NUM! | AD85: 0.0010710645 | AE85: 0.020534293 | AF85: -0.0004747049 | AG85: 0.054441997
A86: 716 | B86: #NUM! | C86: #NUM! | D86: 0.0049843154 | E86: -0.013747947 | F86: 0.023788713 | G86: -0.00095435488 | H86: #NUM! | I86: #NUM! | J86: #NUM! | K86: #NUM! | L86: 0.0082886528 | U86: 0.007105632 | V86: 0.001635123 | W86: 0.00019990316 | X86: 0.0025819307 | Y86: 0.0013272374 | Z86: -0.0053160296 | AA86: 0.0040388434 | AB86: #NUM! | AC86: 0.00055134504 | AD86: 0.0040886891 | AE86: 0.030434477 | AF86: 0.0071471962 | AG86: 0.062037202
A87: 715 | B87: #NUM! | C87: -0.00014688938 | D87: 0.0074475017 | E87: 0.1801994 | F87: 0.033516911 | G87: 0.0011645592 | H87: -0.001375914 | I87: 0.00088569335 | J87: -0.00097099449 | K87: 0.00030344612 | L87: 0.011296832 | U87: 0.0083294398 | V87: 0.0043669611 | W87: 0.0014218629 | X87: 0.0069863922 | Y87: 0.0060448962 | Z87: -0.00215461 | AA87: 0.0056649008 | AB87: #NUM! | AC87: -0.00046712081 | AD87: 0.0136928 | AE87: 0.042720802 | AF87: 0.015305708 | AG87: 0.063666718
A88: 714 | B88: -0.00021285795 | C88: 0.0032684276 | D88: 0.012424978 | E88: 0.1910883 | F88: 0.039394546 | G88: 0.0013136476 | H88: 0.00019528708 | I88: 0.0025504177 | J88: 0.00088087698 | K88: 0.0020296262 | L88: 0.016224536 | U88: 0.017692942 | V88: 0.0070037648 | W88: 0.0059662785 | X88: 0.01197247 | Y88: 0.0081673466 | Z88: 0.00051957183 | AA88: 0.0084250008 | AB88: #NUM! | AC88: 0.003072142 | AD88: 0.01710207 | AE88: 0.053347076 | AF88: 0.021721827 | AG88: 0.073502853
A89: 713 | B89: -0.00013148483 | C89: 0.0054170328 | D89: 0.014490861 | E89: 0.18446707 | F89: 0.034425718 | G89: 0.0080986731 | H89: 0.00096558003 | I89: 0.0042612636 | J89: 0.00071351496 | K89: 0.0030268115 | L89: 0.014987902 | U89: 0.0177436 | V89: 0.0070392704 | W89: 0.0091145125 | X89: 0.015112998 | Y89: 0.0084510067 | Z89: 0.004187106 | AA89: 0.012705291 | AB89: #NUM! | AC89: 0.0050880661 | AD89: 0.022590431 | AE89: 0.061382752 | AF89: 0.016470337 | AG89: 0.079433752
A90: 712 | B90: 0.0038709749 | C90: 0.0064826742 | D90: 0.01487296 | E90: 0.27738306 | F90: 0.053384848 | G90: 0.0060125613 | H90: 0.004569188 | I90: 0.0036191213 | J90: 0.0025309749 | K90: 0.0057639959 | L90: 0.020494668 | U90: 0.020087086 | V90: 0.010780993 | W90: 0.013699138 | X90: 0.018564214 | Y90: 0.015359463 | Z90: 0.0078197536 | AA90: 0.016343609 | AB90: #NUM! | AC90: 0.0082026801 | AD90: 0.03083228 | AE90: 0.062910861 | AF90: 0.028110593 | AG90: 0.088809358
A91: 711 | B91: 0.0082148667 | C91: 0.007801118 | D91: 0.020116222 | E91: 0.33200794 | F91: 0.057115979 | G91: 0.010525086 | H91: 0.0031233182 | I91: 0.0090370913 | J91: 0.0051682439 | K91: 0.0092634138 | L91: 0.022910403 | U91: 0.02485113 | V91: 0.014709157 | W91: 0.017451488 | X91: 0.020267112 | Y91: 0.013279116 | Z91: 0.013595979 | AA91: 0.015223208 | AB91: 0.0011015918 | AC91: 0.0085535728 | AD91: 0.039703006 | AE91: 0.083502463 | AF91: 0.02845323 | AG91: 0.098306645
A92: 710 | B92: 0.0098277854 | C92: 0.01224964 | D92: 0.024197166 | E92: 0.53665178 | F92: 0.080465892 | G92: 0.012331726 | H92: 0.0063404423 | I92: 0.013917893 | J92: 0.0064657211 | K92: 0.012288592 | L92: 0.026607953 | U92: 0.034082876 | V92: 0.01811571 | W92: 0.020930069 | X92: 0.026779749 | Y92: 0.021322913 | Z92: 0.019492173 | AA92: 0.019059836 | AB92: 0.0022086057 | AC92: 0.013942305 | AD92: 0.045186238 | AE92: 0.081226918 | AF92: 0.048014614 | AG92: 0.095118578
A93: 709 | B93: 0.011453215 | C93: 0.014665712 | D93: 0.024796668 | E93: 0.76855516 | F93: 0.074712177 | G93: 0.019141725 | H93: 0.0096328307 | I93: 0.014350419 | J93: 0.0089453812 | K93: 0.013631659 | L93: 0.032272811 | U93: 0.034183399 | V93: 0.025188281 | W93: 0.02712194 | X93: 0.027793596 | Y93: 0.023060039 | Z93: 0.019228043 | AA93: 0.025528916 | AB93: 0.0054252237 | AC93: 0.01738083 | AD93: 0.056030917 | AE93: 0.086681574 | AF93: 0.041940544 | AG93: 0.12828049
A94: 708 | B94: 0.018127667 | C94: 0.015866069 | D94: 0.027141287 | E94: 1.1205022 | F94: 0.078220643 | G94: 0.024454634 | H94: 0.011165795 | I94: 0.015841635 | J94: 0.01139936 | K94: 0.016726737 | L94: 0.034468211 | U94: 0.037886121 | V94: 0.025481304 | W94: 0.026134033 | X94: 0.031220317 | Y94: 0.026855043 | Z94: 0.023244292 | AA94: 0.028209766 | AB94: 0.0063761333 | AC94: 0.015186767 | AD94: 0.060026243 | AE94: 0.10319081 | AF94: 0.047962853 | AG94: 0.12908814
A95: 707 | B95: 0.017762594 | C95: 0.019950474 | D95: 0.027636492 | E95: 0.82898199 | F95: 0.097764755 | G95: 0.019893784 | H95: 0.011969759 | I95: 0.017683566 | J95: 0.013808039 | K95: 0.019532496 | L95: 0.037055595 | U95: 0.047452947 | V95: 0.03000224 | W95: 0.029385546 | X95: 0.030816496 | Y95: 0.024686728 | Z95: 0.029209202 | AA95: 0.030579352 | AB95: 0.0060634937 | AC95: 0.01999482 | AD95: 0.072182504 | AE95: 0.14471426 | AF95: 0.059648319 | AG95: 0.12400589
A96: 706 | B96: 0.02219231 | C96: 0.023575708 | D96: 0.02946381 | E96: 0.91013253 | F96: 0.092396695 | G96: 0.03220404 | H96: 0.015284737 | I96: 0.023549894 | J96: 0.014199868 | K96: 0.023476671 | L96: 0.040800061 | U96: 0.047620728 | V96: 0.031080627 | W96: 0.037588437 | X96: 0.044059823 | Y96: 0.033042414 | Z96: 0.038637534 | AA96: 0.040086733 | AB96: 0.010340523 | AC96: 0.02222421 | AD96: 0.087962215 | AE96: 0.18852006 | AF96: 0.079596111 | AG96: 0.14254276
A97: 705 | B97: 0.024381694 | C97: 0.023911574 | D97: 0.039878504 | E97: 0.93257356 | F97: 0.10231915 | G97: 0.037247051 | H97: 0.018089895 | I97: 0.026529927 | J97: 0.017599031 | K97: 0.027561016 | L97: 0.04642012 | U97: 0.058506292 | V97: 0.036969002 | W97: 0.041736618 | X97: 0.043650966 | Y97: 0.034696818 | Z97: 0.040260503 | AA97: 0.038988785 | AB97: 0.011781379 | AC97: 0.023363209 | AD97: 0.082397787 | AE97: 0.13433098 | AF97: 0.086875987 | AG97: 0.15268689
A98: 704 | B98: 0.025981019 | C98: 0.028408675 | D98: 0.039141251 | E98: 1.1987405 | F98: 0.11595046 | G98: 0.038257428 | H98: 0.020073777 | I98: 0.0233192 | J98: 0.017502658 | K98: 0.027559944 | L98: 0.048249931 | U98: 0.062476131 | V98: 0.051574396 | W98: 0.044569601 | X98: 0.051284559 | Y98: 0.039716621 | Z98: 0.047262122 | AA98: 0.046415584 | AB98: 0.014821538 | AC98: 0.02771133 | AD98: 0.10375155 | AE98: 0.16775448 | AF98: 0.088732093 | AG98: 0.15072775
A99: 703 | B99: 0.028797677 | C99: 0.02937699 | D99: 0.037592674 | E99: 1.6369881 | F99: 0.11524334 | G99: 0.036976406 | H99: 0.023430706 | I99: 0.029317589 | J99: 0.019085903 | K99: 0.028148499 | L99: 0.053626691 | U99: 0.072543107 | V99: 0.043991957 | W99: 0.048134174 | X99: 0.045935763 | Y99: 0.040903634 | Z99: 0.049597681 | AA99: 0.050902915 | AB99: 0.01574495 | AC99: 0.027778029 | AD99: 0.10526469 | AE99: 0.12342127 | AF99: 0.089050051 | AG99: 0.1641523
A100: 702 | B100: 0.034744438 | C100: 0.030016584 | D100: 0.042580287 | E100: 1.3177607 | F100: 0.11423008 | G100: 0.039181356 | H100: 0.02717138 | I100: 0.032154704 | J100: 0.023110092 | K100: 0.032521073 | L100: 0.057405314 | U100: 0.071911034 | V100: 0.04907416 | W100: 0.053707687 | X100: 0.05719361 | Y100: 0.047381022 | Z100: 0.053483822 | AA100: 0.050955439 | AB100: 0.017441044 | AC100: 0.031085851 | AD100: 0.11532581 | AE100: 0.15017386 | AF100: 0.10229486 | AG100: 0.17163268
A101: 701 | B101: 0.039075882 | C101: 0.034747928 | D101: 0.046469224 | E101: 1.6865838 | F101: 0.12168295 | G101: 0.051805882 | H101: 0.033751283 | I101: 0.03935081 | J101: 0.026267606 | K101: 0.036349131 | L101: 0.064813109 | U101: 0.080667625 | V101: 0.058783221 | W101: 0.061368975 | X101: 0.061669689 | Y101: 0.049941242 | Z101: 0.065626956 | AA101: 0.05625129 | AB101: 0.019571711 | AC101: 0.036996822 | AD101: 0.13565238 | AE101: 0.16383051 | AF101: 0.11729332 | AG101: 0.17658342
A102: 700 | B102: 0.039819197 | C102: 0.039986163 | D102: 0.045475024 | E102: 1.6198856 | F102: 0.13496002 | G102: 0.047327107 | H102: 0.031518963 | I102: 0.039355543 | J102: 0.027466192 | K102: 0.037599492 | L102: 0.074004237 | U102: 0.081291222 | V102: 0.053910189 | W102: 0.070293274 | X102: 0.062966854 | Y102: 0.056388916 | Z102: 0.070663643 | AA102: 0.065146695 | AB102: 0.021474917 | AC102: 0.037035027 | AD102: 0.13879057 | AE102: 0.17726431 | AF102: 0.10496803 | AG102: 0.18460046
... A402: 400 | B402: -0.0054924337 | C402: 0.1739996 | D402: -7.3754074 | E402: 28.691221 | F402: -38.776665 | G402: 0.6175191 | H402: 0.22359444 | I402: 0.15795721 | J402: 0.19756954 | K402: -0.33178198 | L402: -5.7672932 | U402: -9.8789022 | V402: 0.52918705 | W402: -8.5289762 | X402: 0.70634874 | Y402: 0.32682102 | Z402: 0.28138017 | AA402: 0.59478527 | AB402: -0.5948618 | AC402: 0.15600099 | AD402: 0.82532505 | AE402: -28.750605 | AF402: 1.8334155 | AG402: 3.8161852

Sheet aCDOM
A1: Wavelength (nm) | B1: SC-21-0101 | C1: SC-21-0104 | D1: SC-21-0109 | E1: SC-21-0113 | F1: SC-21-0115 | G1: SC-21-0119 | H1: SC-21-0124 | I1: SC-21-0128 | J1: SC-21-0132 | K1: SC-21-0136 | L1: SC-21-0140 | M1: SC-21-0148 | N1: SC-21-0152 | O1: SC-21-0154 | P1: SC-21-0156 | Q1: SC-21-0158 | R1: SC-21-0159 | S1: SC-21-0160 | T1: SC-21-0161 | U1: SC-21-0163 | V1: SC-21-0164 | W1: SC-21-0165 | X1: SC-21-0166 | Y1: SC-21-0167 | Z1: SC-21-0168 | AA1: SC-21-0169 | AB1: SC-21-0170 | AC1: SC-21-0171 | AD1: SC-21-0172 | AE1: SC-21-0225 | AF1: SC-21-0228 | AG1: SC-21-0231 | AJ1: =+B1 -> SC-21-0101 | AK1: =+C1 -> SC-21-0104 | AL1: =+D1 -> SC-21-0109 | AM1: =+E1 -> SC-21-0113 | AN1: =+F1 -> SC-21-0115 | AO1: =+G1 -> SC-21-0119 | AP1: =+H1 -> SC-21-0124 | AQ1: =+I1 -> SC-21-0128 | ... BO1: =+AG1 -> SC-21-0231 | BQ1: Wavelength (nm) | BR1: =+B1 -> SC-21-0101 | BS1: =+C1 -> SC-21-0104 | BT1: =+D1 -> SC-21-0109 | BU1: =+E1 -> SC-21-0113 | BV1: =+F1 -> SC-21-0115 | BW1: =+G1 -> SC-21-0119 | BX1: =+H1 -> SC-21-0124 | BY1: =+I1 -> SC-21-0128 | ... CW1: =+AG1 -> SC-21-0231
A2: 800 | B2: -0.042600894 | C2: -0.05243931 | D2: -0.0640234 | E2: -0.09334059 | F2: -0.088437503 | G2: -0.044659776 | H2: -0.025358333 | I2: -0.011017552 | J2: -0.026316381 | K2: -0.022060437 | L2: -0.052526824 | M2: -0.019332073 | N2: -0.019762043 | O2: 0.006980393 | P2: -0.056283017 | Q2: -0.035380989 | R2: -0.043646456 | S2: -0.043821484 | T2: -0.028964831 | U2: -0.04249035 | V2: -0.032113032 | W2: -0.042978586 | X2: -0.020678637 | Y2: -0.030332813 | Z2: -0.04580667 | AA2: -0.037179632 | AB2: 0.004048674 | AC2: -0.00819868 | AD2: -0.068189527 | AE2: -0.096507215 | AF2: -0.074582655 | AG2: -0.066975846 | AI2: a | AJ2: 1195 | AK2: 1291 | AL2: 1669 | AM2: 3853 | AN2: 2556 | AO2: 1086 | AP2: 647.1 | AQ2: 563 | AR2: 279 | AS2: 421.2 | AT2: 1028 | AU2: 171.3 | AV2: 210 | AW2: 86.05 | AX2: 56.77 | AY2: 1168 | AZ2: 1429 | BA2: 1590 | BB2: 1313 | BC2: 1510 | BD2: 1172 | BE2: 1199 | BF2: 257.5 | BG2: 1168 | BH2: 843.1 | BI2: 1581 | BJ2: 165.6 | BK2: 237.4 | BL2: 842 | BM2: 2959 | BN2: 2131 | BO2: 2256 | BQ2: =+A2 -> 800 | BR2: =AJ$2*EXP(AJ$3*$BQ2) -> 0.00079426092 | BS2: =AK$2*EXP(AK$3*$BQ2) -> 0.00075497373 | BT2: =AL$2*EXP(AL$3*$BQ2) -> 0.0010743708 | BU2: =AM$2*EXP(AM$3*$BQ2) -> 0.0012267429 | BV2: =AN$2*EXP(AN$3*$BQ2) -> 0.0012839665 | BW2: =AO$2*EXP(AO$3*$BQ2) -> 0.00072761136 | BX2: =AP$2*EXP(AP$3*$BQ2) -> 0.00044408296 | BY2: =AQ$2*EXP(AQ$3*$BQ2) -> 0.00018656696 | ... CW2: =BO$2*EXP(BO$3*$BQ2) -> 0.0010630093
A3: 799 | B3: -0.032119941 | C3: -0.041831692 | D3: -0.059778971 | E3: -0.08808975 | F3: -0.080162824 | G3: -0.032244303 | H3: -0.013666002 | I3: -0.003864434 | J3: -0.012348686 | K3: -0.009292605 | L3: -0.044364992 | M3: -0.019942138 | N3: -0.011574878 | O3: 0.008148014 | P3: -0.051050601 | Q3: -0.025503422 | R3: -0.041313517 | S3: -0.03793041 | T3: -0.022461159 | U3: -0.04368791 | V3: -0.028052843 | W3: -0.038020227 | X3: -0.018962902 | Y3: -0.026406198 | Z3: -0.038890761 | AA3: -0.034323912 | AB3: 0.011070521 | AC3: -0.013117888 | AD3: -0.063507528 | AE3: -0.094849055 | AF3: -0.069702598 | AG3: -0.069886838 | AI3: b | AJ3: -0.01778 | AK3: -0.01794 | AL3: -0.01782 | AM3: -0.0187 | AN3: -0.01813 | AO3: -0.01777 | AP3: -0.01774 | AQ3: -0.01865 | AR3: -0.01684 | AS3: -0.01748 | AT3: -0.01759 | AU3: -0.01653 | AV3: -0.0165 | AW3: -0.01654 | AX3: -0.01383 | AY3: -0.01811 | AZ3: -0.01833 | BA3: -0.01854 | BB3: -0.01824 | BC3: -0.01824 | BD3: -0.01803 | BE3: -0.01791 | BF3: -0.01743 | BG3: -0.01842 | BH3: -0.01721 | BI3: -0.01865 | BJ3: -0.01757 | BK3: -0.01698 | BL3: -0.01698 | BM3: -0.01824 | BN3: -0.01808 | BO3: -0.01821 | BQ3: =+A3 -> 799 | BR3: =AJ$2*EXP(AJ$3*$BQ3) -> 0.00080850917 | BS3: =AK$2*EXP(AK$3*$BQ3) -> 0.00076864018 | BT3: =AL$2*EXP(AL$3*$BQ3) -> 0.0010936877 | BU3: =AM$2*EXP(AM$3*$BQ3) -> 0.0012498988 | BV3: =AN$2*EXP(AN$3*$BQ3) -> 0.0013074571 | BW3: =AO$2*EXP(AO$3*$BQ3) -> 0.00074065658 | BX3: =AP$2*EXP(AP$3*$BQ3) -> 0.00045203129 | BY3: =AQ$2*EXP(AQ$3*$BQ3) -> 0.00019007908 | ... CW3: =BO$2*EXP(BO$3*$BQ3) -> 0.0010825441
A4: 798 | B4: -0.039830385 | C4: -0.046000122 | D4: -0.06296402 | E4: -0.094752329 | F4: -0.086378621 | G4: -0.040339348 | H4: -0.017631768 | I4: -0.007206087 | J4: -0.019930162 | K4: -0.020862877 | L4: -0.051865863 | M4: -0.017850092 | N4: -0.018258184 | O4: 0.011890389 | P4: -0.055129214 | Q4: -0.030058756 | R4: -0.041631331 | S4: -0.040134381 | T4: -0.023322481 | U4: -0.0449085 | V4: -0.028849681 | W4: -0.039240817 | X4: -0.018230548 | Y4: -0.030685172 | Z4: -0.039300695 | AA4: -0.034954934 | AB4: 0.012007842 | AC4: -0.012581289 | AD4: -0.05992406 | AE4: -0.095256686 | AF4: -0.070391195 | AG4: -0.070522466 | AI4: f(x)=a*exp(b*x) | BQ4: =+A4 -> 798 | BR4: =AJ$2*EXP(AJ$3*$BQ4) -> 0.00082301302 | BS4: =AK$2*EXP(AK$3*$BQ4) -> 0.00078255402 | BT4: =AL$2*EXP(AL$3*$BQ4) -> 0.0011133519 | BU4: =AM$2*EXP(AM$3*$BQ4) -> 0.0012734919 | BV4: =AN$2*EXP(AN$3*$BQ4) -> 0.0013313775 | BW4: =AO$2*EXP(AO$3*$BQ4) -> 0.00075393568 | BX4: =AP$2*EXP(AP$3*$BQ4) -> 0.00046012187 | BY4: =AQ$2*EXP(AQ$3*$BQ4) -> 0.00019365732 | ... CW4: =BO$2*EXP(BO$3*$BQ4) -> 0.0011024378
A5: 797 | B5: -0.036638427 | C5: -0.042340655 | D5: -0.062878809 | E5: -0.091258678 | F5: -0.085130395 | G5: -0.039187848 | H5: -0.016828021 | I5: -0.004150006 | J5: -0.015010954 | K5: -0.014421386 | L5: -0.049141414 | M5: -0.015758968 | N5: -0.015356404 | O5: 0.007017241 | P5: -0.050820301 | Q5: -0.030150876 | R5: -0.042554834 | S5: -0.032939809 | T5: -0.020807605 | U5: -0.04143097 | V5: -0.026279533 | W5: -0.036806546 | X5: -0.014246358 | Y5: -0.024598343 | Z5: -0.038301193 | AA5: -0.031495828 | AB5: 0.011402153 | AC5: -0.009080729 | AD5: -0.066333309 | AE5: -0.098298949 | AF5: -0.074538898 | AG5: -0.063509831 | BQ5: =+A5 -> 797 | BR5: =AJ$2*EXP(AJ$3*$BQ5) -> 0.00083777706 | BS5: =AK$2*EXP(AK$3*$BQ5) -> 0.00079671972 | BT5: =AL$2*EXP(AL$3*$BQ5) -> 0.0011333697 | BU5: =AM$2*EXP(AM$3*$BQ5) -> 0.0012975302 | BV5: =AN$2*EXP(AN$3*$BQ5) -> 0.0013557355 | BW5: =AO$2*EXP(AO$3*$BQ5) -> 0.00076745286 | BX5: =AP$2*EXP(AP$3*$BQ5) -> 0.00046835727 | BY5: =AQ$2*EXP(AQ$3*$BQ5) -> 0.00019730291 | ... CW5: =BO$2*EXP(BO$3*$BQ5) -> 0.0011226971
A6: 796 | B6: -0.03666376 | C6: -0.042405139 | D6: -0.06123677 | E6: -0.091136619 | F6: -0.082385219 | G6: -0.037050664 | H6: -0.016471056 | I6: -0.004711938 | J6: -0.017544254 | K6: -0.014679322 | L6: -0.051911923 | M6: -0.014880374 | N6: -0.011381426 | O6: 0.005626229 | P6: -0.050633758 | Q6: -0.027447154 | R6: -0.045371403 | S6: -0.03717042 | T6: -0.022659217 | U6: -0.0455994 | V6: -0.02217789 | W6: -0.040974976 | X6: -0.018691148 | Y6: -0.023322481 | Z6: -0.036523277 | AA6: -0.032697994 | AB6: 0.015393252 | AC6: -0.00734657 | AD6: -0.066559003 | AE6: -0.09711751 | AF6: -0.072532985 | AG6: -0.068627097 | AJ6: b = Scdom | BQ6: =+A6 -> 796 | BR6: =AJ$2*EXP(AJ$3*$BQ6) -> 0.00085280594 | BS6: =AK$2*EXP(AK$3*$BQ6) -> 0.00081114185 | BT6: =AL$2*EXP(AL$3*$BQ6) -> 0.0011537473 | BU6: =AM$2*EXP(AM$3*$BQ6) -> 0.0013220223 | BV6: =AN$2*EXP(AN$3*$BQ6) -> 0.0013805391 | BW6: =AO$2*EXP(AO$3*$BQ6) -> 0.00078121239 | BX6: =AP$2*EXP(AP$3*$BQ6) -> 0.00047674006 | BY6: =AQ$2*EXP(AQ$3*$BQ6) -> 0.00020101714 | ... CW6: =BO$2*EXP(BO$3*$BQ6) -> 0.0011433287
A7: 795 | B7: -0.030155482 | C7: -0.038526887 | D7: -0.059205524 | E7: -0.087327457 | F7: -0.084372708 | G7: -0.036463399 | H7: -0.013857151 | I7: -0.004000311 | J7: -0.016648387 | K7: -0.015333374 | L7: -0.044804865 | M7: -0.010137806 | N7: -0.011365305 | O7: 0.019720589 | P7: -0.046506782 | Q7: -0.023907443 | R7: -0.046315633 | S7: -0.0375389 | T7: -0.018730299 | U7: -0.04018735 | V7: -0.019978525 | W7: -0.039063486 | X7: -0.021544565 | Y7: -0.025406696 | Z7: -0.036108737 | AA7: -0.028306173 | AB7: 0.014045997 | AC7: -0.01628221 | AD7: -0.065663136 | AE7: -0.10041541 | AF7: -0.074736956 | AG7: -0.068164194 | AJ7: 1 | AK7: 2 | AL7: 3 | AM7: 4 | AN7: 5 | AO7: 6 | AP7: 7 | AQ7: 8 | AR7: 9 | AS7: 10 | AT7: 11 | AU7: 12 | AV7: 13 | AW7: 14 | AX7: 15 | AY7: 16 | AZ7: 17 | BA7: 18 | BB7: 19 | BC7: 20 | BD7: 21 | BE7: 22 | BF7: 23 | BG7: 24 | BH7: 25 | BI7: 26 | BJ7: 27 | BK7: 28 | BL7: 29 | BM7: 30 | BN7: 31 | BO7: 32 | BQ7: =+A7 -> 795 | BR7: =AJ$2*EXP(AJ$3*$BQ7) -> 0.00086810443 | BS7: =AK$2*EXP(AK$3*$BQ7) -> 0.00082582505 | BT7: =AL$2*EXP(AL$3*$BQ7) -> 0.0011744914 | BU7: =AM$2*EXP(AM$3*$BQ7) -> 0.0013469767 | BV7: =AN$2*EXP(AN$3*$BQ7) -> 0.0014057966 | BW7: =AO$2*EXP(AO$3*$BQ7) -> 0.00079521861 | BX7: =AP$2*EXP(AP$3*$BQ7) -> 0.00048527289 | BY7: =AQ$2*EXP(AQ$3*$BQ7) -> 0.00020480129 | ... CW7: =BO$2*EXP(BO$3*$BQ7) -> 0.0011643394
A8: 794 | B8: -0.035984375 | C8: -0.044358083 | D8: -0.058001055 | E8: -0.093474164 | F8: -0.082074314 | G8: -0.038893064 | H8: -0.017095169 | I8: -0.005886468 | J8: -0.016272998 | K8: -0.014596414 | L8: -0.04748786 | M8: -0.017500727 | N8: -0.016314452 | O8: 0.008822793 | P8: -0.053864867 | Q8: -0.031300073 | R8: -0.041741875 | S8: -0.040608799 | T8: -0.020701667 | U8: -0.04645151 | V8: -0.026387774 | W8: -0.039024335 | X8: -0.017484376 | Y8: -0.026843768 | Z8: -0.035104629 | AA8: -0.036405824 | AB8: 0.014195692 | AC8: -0.010206896 | AD8: -0.061315072 | AE8: -0.092645084 | AF8: -0.072645832 | AG8: -0.068592552 | AJ8: =AJ3*-1 -> 0.01778 | AK8: =AK3*-1 -> 0.01794 | AL8: =AL3*-1 -> 0.01782 | AM8: =AM3*-1 -> 0.0187 | AN8: =AN3*-1 -> 0.01813 | AO8: =AO3*-1 -> 0.01777 | AP8: =AP3*-1 -> 0.01774 | AQ8: =AQ3*-1 -> 0.01865 | ... BO8: =BO3*-1 -> 0.01821 | BQ8: =+A8 -> 794 | BR8: =AJ$2*EXP(AJ$3*$BQ8) -> 0.00088367736 | BS8: =AK$2*EXP(AK$3*$BQ8) -> 0.00084077404 | BT8: =AL$2*EXP(AL$3*$BQ8) -> 0.0011956084 | BU8: =AM$2*EXP(AM$3*$BQ8) -> 0.0013724022 | BV8: =AN$2*EXP(AN$3*$BQ8) -> 0.0014315161 | BW8: =AO$2*EXP(AO$3*$BQ8) -> 0.00080947595 | BX8: =AP$2*EXP(AP$3*$BQ8) -> 0.00049395845 | BY8: =AQ$2*EXP(AQ$3*$BQ8) -> 0.00020865667 | ... CW8: =BO$2*EXP(BO$3*$BQ8) -> 0.0011857363
A9: 793 | B9: -0.035433958 | C9: -0.041237518 | D9: -0.060306358 | E9: -0.091251769 | F9: -0.082300008 | G9: -0.036760486 | H9: -0.017482073 | I9: -0.00481327 | J9: -0.015911427 | K9: -0.016263786 | L9: -0.050456427 | M9: -0.013403921 | N9: -0.014591808 | O9: 0.011945661 | P9: -0.050260672 | Q9: -0.028181811 | R9: -0.04564546 | S9: -0.040493649 | T9: -0.02005913 | U9: -0.0409934 | V9: -0.027576122 | W9: -0.038407131 | X9: -0.012063114 | Y9: -0.029773184 | Z9: -0.039077304 | AA9: -0.034105127 | AB9: 0.012986617 | AC9: -0.009829204 | AD9: -0.062736023 | AE9: -0.096746727 | AF9: -0.077760795 | AG9: -0.065762165 | BQ9: =+A9 -> 793 | BR9: =AJ$2*EXP(AJ$3*$BQ9) -> 0.00089952966 | BS9: =AK$2*EXP(AK$3*$BQ9) -> 0.00085599364 | BT9: =AL$2*EXP(AL$3*$BQ9) -> 0.0012171051 | BU9: =AM$2*EXP(AM$3*$BQ9) -> 0.0013983076 | BV9: =AN$2*EXP(AN$3*$BQ9) -> 0.0014577062 | BW9: =AO$2*EXP(AO$3*$BQ9) -> 0.0008239889 | BX9: =AP$2*EXP(AP$3*$BQ9) -> 0.00050279946 | BY9: =AQ$2*EXP(AQ$3*$BQ9) -> 0.00021258463 | ... CW9: =BO$2*EXP(BO$3*$BQ9) -> 0.0012075263
A10: 792 | B10: -0.034443668 | C10: -0.042932526 | D10: -0.051672411 | E10: -0.090385841 | F10: -0.085105062 | G10: -0.038840095 | H10: -0.018969811 | I10: -0.003737769 | J10: -0.010702041 | K10: -0.012754014 | L10: -0.04504668 | M10: -0.012770135 | N10: -0.015043196 | O10: 0.012429291 | P10: -0.048814388 | Q10: -0.032582844 | R10: -0.04516183 | S10: -0.038349556 | T10: -0.024602949 | U10: -0.041866237 | V10: -0.029257312 | W10: -0.038727248 | X10: -0.011082036 | Y10: -0.031085894 | Z10: -0.03187352 | AA10: -0.032847689 | AB10: 0.009951263 | AC10: 0.003935827 | AD10: -0.057623363 | AE10: -0.095461653 | AF10: -0.068373767 | AG10: -0.062821234 | BQ10: =+A10 -> 792 | BR10: =AJ$2*EXP(AJ$3*$BQ10) -> 0.00091566632 | BS10: =AK$2*EXP(AK$3*$BQ10) -> 0.00087148874 | BT10: =AL$2*EXP(AL$3*$BQ10) -> 0.0012389884 | BU10: =AM$2*EXP(AM$3*$BQ10) -> 0.0014247019 | BV10: =AN$2*EXP(AN$3*$BQ10) -> 0.0014843754 | BW10: =AO$2*EXP(AO$3*$BQ10) -> 0.00083876205 | BX10: =AP$2*EXP(AP$3*$BQ10) -> 0.00051179871 | BY10: =AQ$2*EXP(AQ$3*$BQ10) -> 0.00021658654 | ... CW10: =BO$2*EXP(BO$3*$BQ10) -> 0.0012297168
A11: 791 | B11: -0.042584773 | C11: -0.047338165 | D11: -0.060992652 | E11: -0.10325961 | F11: -0.086205896 | G11: -0.042780528 | H11: -0.020632577 | I11: -0.011761421 | J11: -0.020264097 | K11: -0.018230548 | L11: -0.054820612 | M11: -0.008926428 | N11: -0.004562243 | O11: 0.023619568 | P11: -0.042683802 | Q11: -0.025231668 | R11: -0.043379308 | S11: -0.035187537 | T11: -0.015872276 | U11: -0.03659467 | V11: -0.018790177 | W11: -0.036845697 | X11: -0.00819868 | Y11: -0.017680131 | Z11: -0.027256005 | AA11: -0.025284637 | AB11: 0.020388459 | AC11: -0.00333935 | AD11: -0.056727496 | AE11: -0.094572695 | AF11: -0.067931591 | AG11: -0.066093797 | AJ11: 0.01778 | AK11: 0.01794 | AL11: 0.01782 | AM11: 0.0187 | AN11: 0.01813 | AO11: 0.01777 | AP11: 0.01774 | AQ11: 0.01865 | AR11: 0.01684 | AS11: 0.01748 | AT11: 0.01759 | AU11: 0.01653 | AV11: 0.0165 | AW11: 0.01654 | AX11: 0.01383 | AY11: 0.01811 | AZ11: 0.01833 | BA11: 0.01854 | BB11: 0.01824 | BC11: 0.01824 | BD11: 0.01803 | BE11: 0.01791 | BF11: 0.01743 | BG11: 0.01842 | BH11: 0.01721 | BI11: 0.01865 | BJ11: 0.01757 | BK11: 0.01698 | BL11: 0.01698 | BM11: 0.01824 | BN11: 0.01808 | BO11: 0.01821 | BQ11: =+A11 -> 791 | BR11: =AJ$2*EXP(AJ$3*$BQ11) -> 0.00093209247 | BS11: =AK$2*EXP(AK$3*$BQ11) -> 0.00088726434 | BT11: =AL$2*EXP(AL$3*$BQ11) -> 0.001261265 | BU11: =AM$2*EXP(AM$3*$BQ11) -> 0.0014515945 | BV11: =AN$2*EXP(AN$3*$BQ11) -> 0.0015115326 | BW11: =AO$2*EXP(AO$3*$BQ11) -> 0.00085380007 | BX11: =AP$2*EXP(AP$3*$BQ11) -> 0.00052095903 | BY11: =AQ$2*EXP(AQ$3*$BQ11) -> 0.00022066378 | ... CW11: =BO$2*EXP(BO$3*$BQ11) -> 0.0012523151
A12: 790 | B12: -0.031783703 | C12: -0.03922009 | D12: -0.051617139 | E12: -0.09267272 | F12: -0.080602697 | G12: -0.032822356 | H12: -0.013953877 | I12: 0.002139487 | J12: -0.007620627 | K12: -0.008627038 | L12: -0.044277478 | M12: -0.010449863 | N12: -0.005025146 | O12: 0.016745113 | P12: -0.046315633 | Q12: -0.021553777 | R12: -0.044351174 | S12: -0.033202351 | T12: -0.01531495 | U12: -0.0343147 | V12: -0.01883854 | W12: -0.030141664 | X12: -0.00665567 | Y12: -0.016662205 | Z12: -0.026288745 | AA12: -0.022719095 | AB12: 0.02169426 | AC12: -0.001800946 | AD12: -0.056174776 | AE12: -0.09370907 | AF12: -0.073168613 | AG12: -0.064866298 | BQ12: =+A12 -> 790 | BR12: =AJ$2*EXP(AJ$3*$BQ12) -> 0.00094881328 | BS12: =AK$2*EXP(AK$3*$BQ12) -> 0.0009033255 | BT12: =AL$2*EXP(AL$3*$BQ12) -> 0.0012839422 | BU12: =AM$2*EXP(AM$3*$BQ12) -> 0.0014789947 | BV12: =AN$2*EXP(AN$3*$BQ12) -> 0.0015391866 | BW12: =AO$2*EXP(AO$3*$BQ12) -> 0.0008691077 | BX12: =AP$2*EXP(AP$3*$BQ12) -> 0.0005302833 | BY12: =AQ$2*EXP(AQ$3*$BQ12) -> 0.00022481778 | ... CW12: =BO$2*EXP(BO$3*$BQ12) -> 0.0012753286
A13: 789 | B13: -0.024973732 | C13: -0.035965951 | D13: -0.050748908 | E13: -0.088267081 | F13: -0.081021843 | G13: -0.031348436 | H13: -0.008127287 | I13: 0.000545811 | J13: -0.007880866 | K13: -0.004495456 | L13: -0.040247228 | M13: -0.010127442 | N13: -0.011006037 | O13: 0.007873957 | P13: -0.046919019 | Q13: -0.03240321 | R13: -0.045067407 | S13: -0.042342958 | T13: -0.021542262 | U13: -0.04557637 | V13: -0.025351424 | W13: -0.037660959 | X13: -0.006075314 | Y13: -0.031157287 | Z13: -0.032361756 | AA13: -0.030259117 | AB13: 0.011544939 | AC13: -0.005621623 | AD13: -0.060472174 | AE13: -0.099777475 | AF13: -0.073085705 | AG13: -0.066390884 | BQ13: =+A13 -> 789 | BR13: =AJ$2*EXP(AJ$3*$BQ13) -> 0.00096583404 | BS13: =AK$2*EXP(AK$3*$BQ13) -> 0.00091967739 | BT13: =AL$2*EXP(AL$3*$BQ13) -> 0.0013070271 | BU13: =AM$2*EXP(AM$3*$BQ13) -> 0.0015069122 | BV13: =AN$2*EXP(AN$3*$BQ13) -> 0.0015673466 | BW13: =AO$2*EXP(AO$3*$BQ13) -> 0.00088468979 | BX13: =AP$2*EXP(AP$3*$BQ13) -> 0.00053977447 | BY13: =AQ$2*EXP(AQ$3*$BQ13) -> 0.00022904997 | ... CW13: =BO$2*EXP(BO$3*$BQ13) -> 0.0012987651
A14: 788 | B14: -0.028822045 | C14: -0.037718534 | D14: -0.053196997 | E14: -0.0907382 | F14: -0.07827897 | G14: -0.033257623 | H14: -0.011556454 | I14: -0.0009212 | J14: -0.005838105 | K14: -0.006289493 | L14: -0.044457112 | M14: -0.0064378062 | N14: -0.00640234 | O14: 0.013751213 | P14: -0.041046369 | Q14: -0.0218785 | R14: -0.044641352 | S14: -0.032843083 | T14: -0.014683928 | U14: -0.03802253 | V14: -0.013362006 | W14: -0.037345448 | X14: -0.005400535 | Y14: -0.024842461 | Z14: -0.026249594 | AA14: -0.027265217 | AB14: 0.021272811 | AC14: -0.002890265 | AD14: -0.065278535 | AE14: -0.095673529 | AF14: -0.070577738 | AG14: -0.065142658 | BQ14: =+A14 -> 788 | BR14: =AJ$2*EXP(AJ$3*$BQ14) -> 0.00098316015 | BS14: =AK$2*EXP(AK$3*$BQ14) -> 0.00093632529 | BT14: =AL$2*EXP(AL$3*$BQ14) -> 0.0013305271 | BU14: =AM$2*EXP(AM$3*$BQ14) -> 0.0015353565 | BV14: =AN$2*EXP(AN$3*$BQ14) -> 0.0015960217 | BW14: =AO$2*EXP(AO$3*$BQ14) -> 0.00090055123 | BX14: =AP$2*EXP(AP$3*$BQ14) -> 0.00054943551 | BY14: =AQ$2*EXP(AQ$3*$BQ14) -> 0.00023336183 | ... CW14: =BO$2*EXP(BO$3*$BQ14) -> 0.0013226323
A15: 787 | B15: -0.029699488 | C15: -0.036553216 | D15: -0.049659589 | E15: -0.093517921 | F15: -0.08300012 | G15: -0.034155793 | H15: -0.011738391 | I15: 0.001853915 | J15: -0.010015747 | K15: -0.006167434 | L15: -0.041688906 | M15: -0.015955184 | N15: -0.009018548 | O15: 0.014174965 | P15: -0.043167432 | Q15: -0.025501119 | R15: -0.043777727 | S15: -0.040548921 | T15: -0.019494895 | U15: -0.043404641 | V15: -0.02489543 | W15: -0.037251025 | X15: -0.013085646 | Y15: -0.030171603 | Z15: -0.035171416 | AA15: -0.035157598 | AB15: 0.013200796 | AC15: -0.004025644 | AD15: -0.055329575 | AE15: -0.092836233 | AF15: -0.067717412 | AG15: -0.068643218 | BQ15: =+A15 -> 787 | BR15: =AJ$2*EXP(AJ$3*$BQ15) -> 0.0010007971 | BS15: =AK$2*EXP(AK$3*$BQ15) -> 0.00095327455 | BT15: =AL$2*EXP(AL$3*$BQ15) -> 0.0013544496 | BU15: =AM$2*EXP(AM$3*$BQ15) -> 0.0015643378 | BV15: =AN$2*EXP(AN$3*$BQ15) -> 0.0016252215 | BW15: =AO$2*EXP(AO$3*$BQ15) -> 0.00091669706 | BX15: =AP$2*EXP(AP$3*$BQ15) -> 0.00055926946 | BY15: =AQ$2*EXP(AQ$3*$BQ15) -> 0.00023775487 | ... CW15: =BO$2*EXP(BO$3*$BQ15) -> 0.001346938
A16: 786 | B16: -0.030689778 | C16: -0.040016928 | D16: -0.05271567 | E16: -0.09336362 | F16: -0.083631142 | G16: -0.034510455 | H16: -0.012963587 | I16: 8.2908e-05 | J16: -0.006713245 | K16: -0.008686916 | L16: -0.042865739 | M16: -0.00188846 | N16: -0.006220403 | O16: 0.016685235 | P16: -0.034178823 | Q16: -0.022164072 | R16: -0.042117264 | S16: -0.03770011 | T16: -0.016042698 | U16: -0.039151 | V16: -0.0255633 | W16: -0.030609173 | X16: -0.007044877 | Y16: -0.025312273 | Z16: -0.029768578 | AA16: -0.030093301 | AB16: 0.016528631 | AC16: -0.005292294 | AD16: -0.060389266 | AE16: -0.097124419 | AF16: -0.071872024 | AG16: -0.065142658 | BQ16: =+A16 -> 786 | BR16: =AJ$2*EXP(AJ$3*$BQ16) -> 0.0010187504 | BS16: =AK$2*EXP(AK$3*$BQ16) -> 0.00097053062 | BT16: =AL$2*EXP(AL$3*$BQ16) -> 0.0013788023 | BU16: =AM$2*EXP(AM$3*$BQ16) -> 0.0015938662 | BV16: =AN$2*EXP(AN$3*$BQ16) -> 0.0016549555 | BW16: =AO$2*EXP(AO$3*$BQ16) -> 0.00093313236 | BX16: =AP$2*EXP(AP$3*$BQ16) -> 0.00056927943 | BY16: =AQ$2*EXP(AQ$3*$BQ16) -> 0.00024223061 | ... CW16: =BO$2*EXP(BO$3*$BQ16) -> 0.0013716905
A17: 785 | B17: -0.032769387 | C17: -0.042211687 | D17: -0.053056514 | E17: -0.09301817 | F17: -0.085296211 | G17: -0.033510953 | H17: -0.012876073 | I17: -0.001453193 | J17: -0.006671791 | K17: -0.004622121 | L17: -0.044528505 | M17: -0.0020722394 | N17: -0.003279472 | O17: 0.019008962 | P17: -0.029920576 | Q17: -0.024082471 | R17: -0.042407442 | S17: -0.034540394 | T17: -0.013085646 | U17: -0.03544317 | V17: -0.022175587 | W17: -0.037237207 | X17: -0.003968069 | Y17: -0.023667931 | Z17: -0.029796214 | AA17: -0.032534481 | AB17: 0.02005913 | AC17: -0.00407631 | AD17: -0.05831196 | AE17: -0.094462151 | AF17: -0.074785319 | AG17: -0.063196623 | BQ17: =+A17 -> 785 | BR17: =AJ$2*EXP(AJ$3*$BQ17) -> 0.0010370257 | BS17: =AK$2*EXP(AK$3*$BQ17) -> 0.00098809905 | BT17: =AL$2*EXP(AL$3*$BQ17) -> 0.0014035928 | BU17: =AM$2*EXP(AM$3*$BQ17) -> 0.0016239519 | BV17: =AN$2*EXP(AN$3*$BQ17) -> 0.0016852334 | BW17: =AO$2*EXP(AO$3*$BQ17) -> 0.00094986233 | BX17: =AP$2*EXP(AP$3*$BQ17) -> 0.00057946856 | BY17: =AQ$2*EXP(AQ$3*$BQ17) -> 0.0002467906 | ... CW17: =BO$2*EXP(BO$3*$BQ17) -> 0.0013968978
A18: 784 | B18: -0.029416219 | C18: -0.040366984 | D18: -0.052319554 | E18: -0.090510203 | F18: -0.082281584 | G18: -0.029234282 | H18: -0.007314328 | I18: 0.006549732 | J18: -0.006029254 | K18: -0.00573447 | L18: -0.038674279 | M18: -0.005064297 | N18: -0.007917714 | O18: 0.015494584 | P18: -0.03429167 | Q18: -0.027963026 | R18: -0.04345761 | S18: -0.037642535 | T18: -0.012841528 | U18: -0.03710133 | V18: -0.019333685 | W18: -0.035569835 | X18: -0.010335864 | Y18: -0.021562989 | Z18: -0.02828084 | AA18: -0.030510144 | AB18: 0.017776857 | AC18: 0.002339848 | AD18: -0.059313765 | AE18: -0.10104182 | AF18: -0.071128155 | AG18: -0.066443853 | BQ18: =+A18 -> 784 | BR18: =AJ$2*EXP(AJ$3*$BQ18) -> 0.0010556289 | BS18: =AK$2*EXP(AK$3*$BQ18) -> 0.0010059855 | BT18: =AL$2*EXP(AL$3*$BQ18) -> 0.001428829 | BU18: =AM$2*EXP(AM$3*$BQ18) -> 0.0016546055 | BV18: =AN$2*EXP(AN$3*$BQ18) -> 0.0017160654 | BW18: =AO$2*EXP(AO$3*$BQ18) -> 0.00096689225 | BX18: =AP$2*EXP(AP$3*$BQ18) -> 0.00058984005 | BY18: =AQ$2*EXP(AQ$3*$BQ18) -> 0.00025143643 | ... CW18: =BO$2*EXP(BO$3*$BQ18) -> 0.0014225683
A19: 783 | B19: -0.033338228 | C19: -0.040406135 | D19: -0.054277104 | E19: -0.091622552 | F19: -0.084400344 | G19: -0.033170109 | H19: -0.009262666 | I19: 6.4484e-05 | J19: -0.004935329 | K19: -0.004884663 | L19: -0.041099338 | M19: -0.0073470306 | N19: -0.005315324 | O19: 0.01315013 | P19: -0.03528196 | Q19: -0.026532863 | R19: -0.042087325 | S19: -0.039876445 | T19: -0.022311464 | U19: -0.03926615 | V19: -0.023803808 | W19: -0.034082097 | X19: -0.004827088 | Y19: -0.02337545 | Z19: -0.03456803 | AA19: -0.033557013 | AB19: 0.017267894 | AC19: 0.000776111 | AD19: -0.053980017 | AE19: -0.092866172 | AF19: -0.072876132 | AG19: -0.067438749 | BQ19: =+A19 -> 783 | BR19: =AJ$2*EXP(AJ$3*$BQ19) -> 0.0010745659 | BS19: =AK$2*EXP(AK$3*$BQ19) -> 0.0010241957 | BT19: =AL$2*EXP(AL$3*$BQ19) -> 0.0014545189 | BU19: =AM$2*EXP(AM$3*$BQ19) -> 0.0016858378 | BV19: =AN$2*EXP(AN$3*$BQ19) -> 0.0017474614 | BW19: =AO$2*EXP(AO$3*$BQ19) -> 0.00098422749 | BX19: =AP$2*EXP(AP$3*$BQ19) -> 0.00060039718 | BY19: =AQ$2*EXP(AQ$3*$BQ19) -> 0.00025616972 | ... CW19: =BO$2*EXP(BO$3*$BQ19) -> 0.0014487106
A20: 782 | B20: -0.034072885 | C20: -0.04108552 | D20: -0.05006722 | E20: -0.094528938 | F20: -0.087025764 | G20: -0.034001492 | H20: -0.00992593 | I20: 0.001395618 | J20: -0.009799265 | K20: -0.006089132 | L20: -0.04456305 | M20: -0.0093163259 | N20: -0.011920328 | O20: 0.01487738 | P20: -0.034934207 | Q20: -0.030447963 | R20: -0.038681188 | S20: -0.038494645 | T20: -0.017567284 | U20: -0.03940433 | V20: -0.027223763 | W20: -0.03558135 | X20: -0.009893688 | Y20: -0.025151063 | Z20: -0.032062366 | AA20: -0.03102141 | AB20: 0.016745113 | AC20: 0.001577555 | AD20: -0.054730795 | AE20: -0.097552777 | AF20: -0.070538587 | AG20: -0.066181311 | BQ20: =+A20 -> 782 | BR20: =AJ$2*EXP(AJ$3*$BQ20) -> 0.0010938425 | BS20: =AK$2*EXP(AK$3*$BQ20) -> 0.0010427356 | BT20: =AL$2*EXP(AL$3*$BQ20) -> 0.0014806708 | BU20: =AM$2*EXP(AM$3*$BQ20) -> 0.0017176595 | BV20: =AN$2*EXP(AN$3*$BQ20) -> 0.0017794318 | BW20: =AO$2*EXP(AO$3*$BQ20) -> 0.0010018735 | BX20: =AP$2*EXP(AP$3*$BQ20) -> 0.00061114326 | BY20: =AQ$2*EXP(AQ$3*$BQ20) -> 0.00026099211 | ... CW20: =BO$2*EXP(BO$3*$BQ20) -> 0.0014753332
A21: 781 | B21: -0.030749656 | C21: -0.038349556 | D21: -0.050173158 | E21: -0.094581907 | F21: -0.080699423 | G21: -0.02876447 | H21: -0.007429478 | I21: 0.005331445 | J21: -0.004184551 | K21: -0.005036661 | L21: -0.041426364 | M21: -0.0039282271 | N21: -0.005437383 | O21: 0.018025581 | P21: -0.028453565 | Q21: -0.034102824 | R21: -0.043791545 | S21: -0.041060187 | T21: -0.019934768 | U21: -0.03691709 | V21: -0.021484687 | W21: -0.03744678 | X21: -0.014610232 | Y21: -0.023039212 | Z21: -0.031309285 | AA21: -0.031175711 | AB21: 0.020413792 | AC21: -0.004430972 | AD21: -0.058079357 | AE21: -0.092709568 | AF21: -0.072968252 | AG21: -0.070989975 | BQ21: =+A21 -> 781 | BR21: =AJ$2*EXP(AJ$3*$BQ21) -> 0.001113465 | BS21: =AK$2*EXP(AK$3*$BQ21) -> 0.0010616111 | BT21: =AL$2*EXP(AL$3*$BQ21) -> 0.0015072928 | BU21: =AM$2*EXP(AM$3*$BQ21) -> 0.001750082 | BV21: =AN$2*EXP(AN$3*$BQ21) -> 0.0018119871 | BW21: =AO$2*EXP(AO$3*$BQ21) -> 0.0010198359 | BX21: =AP$2*EXP(AP$3*$BQ21) -> 0.00062208168 | BY21: =AQ$2*EXP(AQ$3*$BQ21) -> 0.00026590529 | ... CW21: =BO$2*EXP(BO$3*$BQ21) -> 0.0015024452
A22: 780 | B22: -0.031657038 | C22: -0.038098529 | D22: -0.053160149 | E22: -0.095493895 | F22: -0.086873766 | G22: -0.031214862 | H22: -0.008389829 | I22: 0.003127474 | J22: -0.004672787 | K22: -0.005672289 | L22: -0.041348062 | M22: -0.0051294719 | N22: -0.009329453 | O22: 0.014981015 | P22: -0.033985371 | Q22: -0.032329514 | R22: -0.040502861 | S22: -0.041106247 | T22: -0.020139735 | U22: -0.03991099 | V22: -0.022357524 | W22: -0.032651934 | X22: -0.005315324 | Y22: -0.026509833 | Z22: -0.0338541 | AA22: -0.031042137 | AB22: 0.021599837 | AC22: -0.004495456 | AD22: -0.058698864 | AE22: -0.097195812 | AF22: -0.071293971 | AG22: -0.065628591 | BQ22: =+A22 -> 780 | BR22: =AJ$2*EXP(AJ$3*$BQ22) -> 0.0011334394 | BS22: =AK$2*EXP(AK$3*$BQ22) -> 0.0010808283 | BT22: =AL$2*EXP(AL$3*$BQ22) -> 0.0015343935 | BU22: =AM$2*EXP(AM$3*$BQ22) -> 0.0017831164 | BV22: =AN$2*EXP(AN$3*$BQ22) -> 0.001845138 | BW22: =AO$2*EXP(AO$3*$BQ22) -> 0.0010381204 | BX22: =AP$2*EXP(AP$3*$BQ22) -> 0.00063321588 | BY22: =AQ$2*EXP(AQ$3*$BQ22) -> 0.00027091095 | ... CW22: =BO$2*EXP(BO$3*$BQ22) -> 0.0015300553
A23: 779 | B23: -0.035254324 | C23: -0.038038651 | D23: -0.051444414 | E23: -0.096276915 | F23: -0.085162637 | G23: -0.036164009 | H23: -0.008260861 | I23: 0.003330138 | J23: -0.005149508 | K23: -0.006727063 | L23: -0.041605998 | M23: -0.0033446469 | N23: -0.003288684 | O23: 0.017753827 | P23: -0.034254822 | Q23: -0.031903459 | R23: -0.04345761 | S23: -0.037730049 | T23: -0.019326776 | U23: -0.04117764 | V23: -0.021615958 | W23: -0.034266337 | X23: -0.012917527 | Y23: -0.021300447 | Z23: -0.034160399 | AA23: -0.029116829 | AB23: 0.016369724 | AC23: -0.001660463 | AD23: -0.053500993 | AE23: -0.098570703 | AF23: -0.068986365 | AG23: -0.070801129 | BQ23: =+A23 -> 779 | BR23: =AJ$2*EXP(AJ$3*$BQ23) -> 0.0011537722 | BS23: =AK$2*EXP(AK$3*$BQ23) -> 0.0011003933 | BT23: =AL$2*EXP(AL$3*$BQ23) -> 0.0015619815 | BU23: =AM$2*EXP(AM$3*$BQ23) -> 0.0018167744 | BV23: =AN$2*EXP(AN$3*$BQ23) -> 0.0018788955 | BW23: =AO$2*EXP(AO$3*$BQ23) -> 0.0010567327 | BX23: =AP$2*EXP(AP$3*$BQ23) -> 0.00064454936 | BY23: =AQ$2*EXP(AQ$3*$BQ23) -> 0.00027601085 | ... CW23: =BO$2*EXP(BO$3*$BQ23) -> 0.0015581729
... A452: 350 | B452: 1.8478144 | C452: 1.8972413 | D452: 2.5408124 | E452: 4.2292776 | F452: 3.4545069 | G452: 1.7047865 | H452: 1.04427 | I452: 0.64407771 | J452: 0.62734181 | K452: 0.75691319 | L452: 1.7090908 | M452: 0.42004947 | N452: 0.52190125 | O452: 0.2058145 | P452: 0.35779178 | Q452: 1.5828911 | R452: 1.8081682 | S452: 1.8634517 | T452: 1.7238922 | U452: 1.9620408 | V452: 1.6575152 | W452: 1.7856449 | X452: 0.45161139 | Y452: 1.4320699 | Z452: 1.5808299 | AA452: 1.7675456 | AB452: 0.28123085 | AC452: 0.50514463 | AD452: 1.740057 | AE452: 3.8533497 | AF452: 2.9480196 | AG452: 2.9904156 | BQ452: =+A452 -> 350 | BR452: =AJ$2*EXP(AJ$3*$BQ452) -> 2.3700273 | BS452: =AK$2*EXP(AK$3*$BQ452) -> 2.4209799 | BT452: =AL$2*EXP(AL$3*$BQ452) -> 3.2640865 | BU452: =AM$2*EXP(AM$3*$BQ452) -> 5.5378556 | BV452: =AN$2*EXP(AN$3*$BQ452) -> 4.484822 | BW452: =AO$2*EXP(AO$3*$BQ452) -> 2.1614007 | BX452: =AP$2*EXP(AP$3*$BQ452) -> 1.3014784 | BY452: =AQ$2*EXP(AQ$3*$BQ452) -> 0.82347641 | ... CW452: =BO$2*EXP(BO$3*$BQ452) -> 3.8491356
A453: 349 | B453: 1.8084699 | C453: 1.8513564 | D453: 2.4647811 | E453: 4.1093627 | F453: 3.3279801 | G453: 1.6634845 | H453: 1.0162126 | I453: 0.63523419 | J453: 0.62290392 | K453: 0.73001645 | L453: 1.6768719 | M453: 0.42734813 | N453: 0.5270761 | O453: 0.22668659 | P453: 0.36767395 | Q453: 1.5554577 | R453: 1.7558302 | S453: 1.8123965 | T453: 1.6790689 | U453: 1.9225674 | V453: 1.6279976 | W453: 1.7423899 | X453: 0.45271683 | Y453: 1.3975732 | Z453: 1.5526089 | AA453: 1.738408 | AB453: 0.28238465 | AC453: 0.48112664 | AD453: 1.6903237 | AE453: 3.7147874 | AF453: 2.8535275 | AG453: 2.908286
A454: 348 | B454: 2.4059925 | C454: 2.4740139 | D454: 3.3163154 | E454: 5.6826272 | F454: 4.5717866 | G454: 2.2038559 | H454: 1.3375133 | I454: 0.84395738 | J454: 0.80434578 | K454: 0.96179498 | L454: 2.2203799 | M454: 0.52433092 | N454: 0.68566989 | O454: 0.27079825 | P454: 0.446478 | Q454: 2.0332197 | R454: 2.3178336 | S454: 2.3924831 | T454: 2.2140213 | U454: 2.5395181 | V454: 2.1303948 | W454: 2.2771672 | X454: 0.58298142 | Y454: 1.8131611 | Z454: 2.0241435 | AA454: 2.2861305 | AB454: 0.35875673 | AC454: 0.64372995 | AD454: 2.2207645 | AE454: 5.0842963 | AF454: 3.8323647 | AG454: 3.9068737
A455: 347 | B455: 2.4388816 | C455: 2.500298 | D455: 3.3572766 | E455: 5.7567699 | F455: 4.6332882 | G455: 2.2374589 | H455: 1.3553017 | I455: 0.86289265 | J455: 0.81443753 | K455: 0.97120274 | L455: 2.2510766 | M455: 0.53457098 | N455: 0.68431112 | O455: 0.28301106 | P455: 0.45908232 | Q455: 2.0639578 | R455: 2.3496473 | S455: 2.4214364 | T455: 2.2490108 | U455: 2.570125 | V455: 2.1631296 | W455: 2.3009803 | X455: 0.58382432 | Y455: 1.8469553 | Z455: 2.0529518 | AA455: 2.3268061 | AB455: 0.36423327 | AC455: 0.63434983 | AD455: 2.2381337 | AE455: 5.152624 | AF455: 3.8945641 | AG455: 3.9529475
A456: 346 | B456: 2.4723949 | C456: 2.5457569 | D456: 3.4234417 | E456: 5.8559855 | F456: 4.7069428 | G456: 2.2738509 | H456: 1.3770581 | I456: 0.87674519 | J456: 0.82930569 | K456: 0.98669962 | L456: 2.2814232 | M456: 0.5405726 | N456: 0.69744282 | O456: 0.28620533 | P456: 0.46434007 | Q456: 2.0824233 | R456: 2.3743907 | S456: 2.4541252 | T456: 2.283314 | U456: 2.6028506 | V456: 2.1906551 | W456: 2.3356404 | X456: 0.59981635 | Y456: 1.8811595 | Z456: 2.0830819 | AA456: 2.352959 | AB456: 0.36669518 | AC456: 0.65115943 | AD456: 2.2776601 | AE456: 5.2280748 | AF456: 3.9507804 | AG456: 4.0242622
A457: 345 | B457: 2.5171606 | C457: 2.5905319 | D457: 3.4765121 | E457: 5.9457242 | F457: 4.7689257 | G457: 2.3095083 | H457: 1.3937065 | I457: 0.88748638 | J457: 0.83902666 | K457: 1.0025742 | L457: 2.3206893 | M457: 0.55006349 | N457: 0.70912594 | O457: 0.27956578 | P457: 0.48001199 | Q457: 2.1231012 | R457: 2.4186152 | S457: 2.4992686 | T457: 2.3186926 | U457: 2.6483809 | V457: 2.2315149 | W457: 2.3788954 | X457: 0.60498658 | Y457: 1.9096683 | Z457: 2.1095088 | AA457: 2.4030884 | AB457: 0.38372356 | AC457: 0.65832867 | AD457: 2.311733 | AE457: 5.3153079 | AF457: 4.0089035 | AG457: 4.0802021
A458: 344 | B458: 2.5512381 | C458: 2.6188565 | D458: 3.5198983 | E458: 6.0484426 | F458: 4.8535172 | G458: 2.3391986 | H458: 1.4106796 | I458: 0.88864019 | J458: 0.85101147 | K458: 1.0115858 | L458: 2.35248 | M458: 0.55404837 | N458: 0.71290517 | O458: 0.28966904 | P458: 0.47188931 | Q458: 2.1513405 | R458: 2.4638001 | S458: 2.5357458 | T458: 2.3430538 | U458: 2.6826035 | V458: 2.2601573 | W458: 2.4238891 | X458: 0.62915657 | Y458: 1.9313879 | Z458: 2.144701 | AA458: 2.4280713 | AB458: 0.38186964 | AC458: 0.67898658 | AD458: 2.3583204 | AE458: 5.4036256 | AF458: 4.086639 | AG458: 4.1705994
A459: 343 | B459: 2.603553 | C459: 2.6824377 | D459: 3.5926385 | E459: 6.1547698 | F459: 4.9392142 | G459: 2.3866219 | H459: 1.4587778 | I459: 0.92217187 | J459: 0.88406873 | K459: 1.0426556 | L459: 2.4093341 | M459: 0.56986123 | N459: 0.73003488 | O459: 0.30034114 | P459: 0.49443568 | Q459: 2.200452 | R459: 2.5104727 | S459: 2.5839015 | T459: 2.4025288 | U459: 2.7393494 | V459: 2.3004414 | W459: 2.4611839 | X459: 0.62938917 | Y459: 1.9765636 | Z459: 2.1964724 | AA459: 2.4832604 | AB459: 0.39909838 | AC459: 0.68457136 | AD459: 2.3990098 | AE459: 5.5036933 | AF459: 4.1554871 | AG459: 4.2301435
A460: 342 | B460: 2.6395696 | C460: 2.7204924 | D460: 3.6539605 | E460: 6.2587894 | F460: 5.0216523 | G460: 2.4310836 | H460: 1.4756588 | I460: 0.94014448 | J460: 0.89474774 | K460: 1.0582262 | L460: 2.4345589 | M460: 0.58223064 | N460: 0.74885269 | O460: 0.30785352 | P460: 0.49499761 | Q460: 2.2355313 | R460: 2.5383298 | S460: 2.6263827 | T460: 2.4359706 | U460: 2.783567 | V460: 2.3461559 | W460: 2.5020552 | X460: 0.63142733 | Y460: 2.0166979 | Z460: 2.2307319 | AA460: 2.5179528 | AB460: 0.41070551 | AC460: 0.69371657 | AD460: 2.4256301 | AE460: 5.5841624 | AF460: 4.2253947 | AG460: 4.2926838
A461: 341 | B461: 2.6757452 | C461: 2.776232 | D461: 3.7136174 | E461: 6.3562063 | F461: 5.1043047 | G461: 2.4641662 | H461: 1.5156964 | I461: 0.97308889 | J461: 0.9126052 | K461: 1.0702824 | L461: 2.4729936 | M461: 0.5938396 | N461: 0.75468389 | O461: 0.30980877 | P461: 0.51244974 | Q461: 2.2746386 | R461: 2.5881552 | S461: 2.6662775 | T461: 2.4823968 | U461: 2.8305252 | V461: 2.3813872 | W461: 2.5429496 | X461: 0.65354073 | Y461: 2.0403452 | Z461: 2.2573753 | AA461: 2.5618756 | AB461: 0.41634555 | AC461: 0.70942763 | AD461: 2.4866643 | AE461: 5.6858468 | AF461: 4.2925686 | AG461: 4.3741109
A462: 340 | B462: 2.7331359 | C462: 2.8282705 | D462: 3.7739514 | E462: 6.4608684 | F462: 5.1861556 | G462: 2.5025941 | H462: 1.5358062 | I462: 0.9734758 | J462: 0.92509207 | K462: 1.0938444 | L462: 2.5245394 | M462: 0.5969247 | N462: 0.75986794 | O462: 0.30967289 | P462: 0.51726532 | Q462: 2.3045983 | R462: 2.6240267 | S462: 2.7083625 | T462: 2.5205276 | U462: 2.8798785 | V462: 2.4270119 | W462: 2.5930237 | X462: 0.66415296 | Y462: 2.0688333 | Z462: 2.3029585 | AA462: 2.6126153 | AB462: 0.41034393 | AC462: 0.71734765 | AD462: 2.5184618 | AE462: 5.7777388 | AF462: 4.3540564 | AG462: 4.4501468
A463: 339 | B463: 2.7825491 | C463: 2.8754866 | D463: 3.8475116 | E463: 6.5705051 | F463: 5.2803115 | G463: 2.5633887 | H463: 1.5736721 | I463: 1.0111229 | J463: 0.9472216 | K463: 1.1145253 | L463: 2.5645701 | M463: 0.60499833 | N463: 0.77683644 | O463: 0.31122742 | P463: 0.50861755 | Q463: 2.3471784 | R463: 2.6709227 | S463: 2.7579991 | T463: 2.5627254 | U463: 2.9162198 | V463: 2.4579251 | W463: 2.6208209 | X463: 0.67295042 | Y463: 2.1030558 | Z463: 2.3308548 | AA463: 2.6497097 | AB463: 0.42076961 | AC463: 0.72271825 | AD463: 2.5543126 | AE463: 5.8828431 | AF463: 4.4366466 | AG463: 4.5345333
A464: 338 | B464: 2.8218106 | C464: 2.9249758 | D464: 3.9169769 | E464: 6.664274 | F464: 5.3699742 | G464: 2.5946542 | H464: 1.6096197 | I464: 1.0222787 | J464: 0.95552161 | K464: 1.1442271 | L464: 2.5991128 | M464: 0.62504065 | N464: 0.79436458 | O464: 0.32970669 | P464: 0.52993872 | Q464: 2.385353 | R464: 2.7208126 | S464: 2.8060696 | T464: 2.6144646 | U464: 2.9637537 | V464: 2.506903 | W464: 2.6764729 | X464: 0.69411959 | Y464: 2.1464973 | Z464: 2.3693656 | AA464: 2.6969742 | AB464: 0.43522555 | AC464: 0.74946299 | AD464: 2.6048865 | AE464: 5.9861349 | AF464: 4.5233937 | AG464: 4.6049521
... A547: 255 | B547: 2.7168952 | C547: 2.5225035 | D547: 3.683181 | E547: 7.4741447 | F547: 5.0007757 | G547: 2.5372174 | H547: 4.3528934 | I547: 0.87758579 | J547: 0.77905423 | K547: 2.4225441 | L547: 2.853341 | M547: 0.7567582 | N547: 1.1624162 | O547: 0.58375292 | P547: 0.38972748 | Q547: 2.3807516 | R547: 2.9746561 | S547: 3.2517646 | T547: 2.6753168 | U547: 3.2221503 | V547: 2.5757443 | W547: 2.6750473 | X547: 0.84978858 | Y547: 2.2773054 | Z547: 2.8859929 | AA547: 2.7482321 | AB547: 0.47041999 | AC547: 0.96531166 | AD547: 2.4974953 | AE547: 5.3568379 | AF547: 4.0446391 | AG547: 4.2377135
A548: 254 | B548: 2.4161165 | C548: 2.2060805 | D548: 3.5102004 | E548: 7.1188954 | F548: 4.6099543 | G548: 2.0946614 | H548: 4.2512044 | I548: #VALUE! | J548: 0.47547968 | K548: 2.2142562 | L548: 2.8746852 | M548: 0.67902642 | N548: 1.0656027 | O548: 0.26580535 | P548: 0.28048467 | Q548: 2.4317953 | R548: 2.9541871 | S548: 3.1916909 | T548: 2.4963345 | U548: 3.0462702 | V548: 2.5943756 | W548: 2.6339733 | X548: 0.7673619 | Y548: 2.3675968 | Z548: 2.6490119 | AA548: 2.6729217 | AB548: 0.17666543 | AC548: 0.76294475 | AD548: 2.4413804 | AE548: 5.1322194 | AF548: 3.9453015 | AG548: 4.1444995
A549: 253 | B549: 2.1650503 | C549: 2.2683629 | D549: 3.3697611 | E549: 6.8561577 | F549: 4.1914139 | G549: 2.0376 | H549: 4.2971792 | I549: 0.79438991 | J549: 0.68336689 | K549: 2.1209455 | L549: 2.4043873 | M549: 0.7230987 | N549: 0.89939059 | O549: 0.45193381 | P549: 0.25174323 | Q549: 2.1179839 | R549: 3.016398 | S549: 2.789161 | T549: 2.2296172 | U549: 3.1925982 | V549: 2.2429309 | W549: 2.423037 | X549: 0.84929573 | Y549: 2.1152663 | Z549: 2.6685966 | AA549: 2.2826806 | AB549: 0.14007767 | AC549: 0.83730171 | AD549: 2.4437801 | AE549: 5.3973453 | AF549: 3.7019435 | AG549: 3.991631
A550: 252 | B550: 2.1340542 | C550: 2.1797365 | D550: 3.239257 | E550: 6.8628778 | F550: 4.2339181 | G550: 1.995135 | H550: 4.2936533 | I550: 0.69391002 | J550: 0.40710822 | K550: 2.2617141 | L550: 2.6091885 | M550: 0.59058109 | N550: 0.89162948 | O550: 0.49679165 | P550: 0.085805174 | Q550: 2.1802363 | R550: 2.7968553 | S550: 2.9076204 | T550: 2.4146863 | U550: 2.9290936 | V550: 2.1781313 | W550: 2.5543517 | X550: 0.82887964 | Y550: 2.111091 | Z550: 2.4185484 | AA550: 2.5489742 | AB550: 0.28978188 | AC550: 0.6137495 | AD550: 2.3310436 | AE550: 5.1945547 | AF550: 3.5214943 | AG550: 3.7534732
A551: 251 | B551: 2.3198326 | C551: 2.1231564 | D551: 3.0284312 | E551: 6.808474 | F551: 4.2346366 | G551: 1.9973412 | H551: 4.5517897 | I551: 0.68042826 | J551: 0.39022953 | K551: 2.084496 | L551: 2.5814926 | M551: 0.44557246 | N551: 0.90144256 | O551: 0.28111569 | P551: 0.14604014 | Q551: 1.9460626 | R551: 2.8953247 | S551: 2.8947651 | T551: 2.2193113 | U551: 2.9181774 | V551: 2.1246257 | W551: 2.186026 | X551: 0.863625 | Y551: 1.814004 | Z551: 2.3906084 | AA551: 2.4977762 | AB551: 0.2152522 | AC551: 0.84456307 | AD551: 2.0871905 | AE551: 4.6715687 | AF551: 3.3434609 | AG551: 3.6279896
A552: 250 | B552: 2.2031834 | C552: 1.8301918 | D552: 3.223949 | E552: 6.2396123 | F552: 4.0988103 | G552: 1.7216721 | H552: 4.3645834 | I552: 0.72711237 | J552: 0.66375914 | K552: 2.4294669 | L552: 2.4840319 | M552: 0.64229081 | N552: 0.81795651 | O552: 0.36283074 | P552: 0.14231849 | Q552: 2.0319162 | R552: 2.6711138 | S552: 2.7079849 | T552: 2.1539222 | U552: 2.6035807 | V552: 1.9523038 | W552: 2.3316056 | X552: 0.91067529 | Y552: 2.0766543 | Z552: 2.2752143 | AA552: 2.3893441 | AB552: 0.34332894 | AC552: 0.79652479 | AD552: 2.162745 | AE552: 4.7571735 | AF552: 3.5294212 | AG552: 3.6657404

Sheet ax(443)
B1: =+aCDOM!B1 -> SC-21-0101 | C1: =+aCDOM!C1 -> SC-21-0104 | D1: =+aCDOM!D1 -> SC-21-0109 | E1: =+aCDOM!E1 -> SC-21-0113 | F1: =+aCDOM!F1 -> SC-21-0115 | G1: =+aCDOM!G1 -> SC-21-0119 | H1: =+aCDOM!H1 -> SC-21-0124 | I1: =+aCDOM!I1 -> SC-21-0128 | ... AG1: =+aCDOM!AG1 -> SC-21-0231
A2: ap (443) | B2: =+ap!B359 -> 0.64625202 | C2: =+ap!C359 -> 0.26879459 | D2: =+ap!D359 -> 1.1965089 | E2: =+ap!E359 -> 20.634829 | F2: =+ap!F359 -> 3.6680021 | G2: =+ap!G359 -> 0.85927847 | H2: =+ap!H359 -> 0.49211279 | I2: =+ap!I359 -> 0.44578047 | ... L2: =+ap!L359 -> 1.8654178 | U2: =+ap!U359 -> 1.4882738 | V2: =+ap!V359 -> 1.0442062 | W2: =+ap!W359 -> 1.1977814 | X2: =+ap!X359 -> 0.68553696 | Y2: =+ap!Y359 -> 0.80218118 | Z2: =+ap!Z359 -> 1.3260763 | AA2: =+ap!AA359 -> 1.0714838 | AB2: =+ap!AB359 -> 0.21779017 | ... AG2: =+ap!AG359 -> 2.6853498
A3: ad (443) | B3: =+ad!B359 -> 0.35933746 | C3: =+ad!C359 -> 0.10415539 | D3: =+ad!D359 -> 0.83587245 | E3: =+ad!E359 -> 2.7520849 | F3: =+ad!F359 -> 2.5171866 | G3: =+ad!G359 -> 0.35520368 | H3: =+ad!H359 -> 0.22091917 | I3: =+ad!I359 -> 0.20937847 | ... L3: =+ad!L359 -> 1.252588 | U3: =+ad!U359 -> 1.133177 | V3: =+ad!V359 -> 0.43483077 | W3: =+ad!W359 -> 0.88257487 | X3: =+ad!X359 -> 0.14174328 | Y3: =+ad!Y359 -> 0.37035228 | Z3: =+ad!Z359 -> 0.74006646 | AA3: =+ad!AA359 -> 0.43045984 | AB3: =+ad!AB359 -> 0.13960301 | ... AG3: =+ad!AG359 -> 0.12214382
A4: aphy (443) | B4: =+aphy!B359 -> 0.28691456 | C4: =+aphy!C359 -> 0.1646392 | D4: =+aphy!D359 -> 0.36063642 | E4: =+aphy!E359 -> 17.882744 | F4: =+aphy!F359 -> 1.1508155 | G4: =+aphy!G359 -> 0.50407478 | H4: =+aphy!H359 -> 0.27119362 | I4: =+aphy!I359 -> 0.236402 | ... L4: =+aphy!L359 -> 0.61282978 | U4: =+aphy!U359 -> 0.35509681 | V4: =+aphy!V359 -> 0.60937539 | W4: =+aphy!W359 -> 0.31520656 | X4: =+aphy!X359 -> 0.54379367 | Y4: =+aphy!Y359 -> 0.43182889 | Z4: =+aphy!Z359 -> 0.58600982 | AA4: =+aphy!AA359 -> 0.64102399 | AB4: =+aphy!AB359 -> 0.078187163 | ... AG4: =+aphy!AG359 -> 2.5632059
A5: aCDOM (443) | B5: =+aCDOM!B359 -> 0.43252643 | C5: =+aCDOM!C359 -> 0.43965421 | D5: =+aCDOM!D359 -> 0.60224832 | E5: =+aCDOM!E359 -> 0.94347692 | F5: =+aCDOM!F359 -> 0.80032474 | G5: =+aCDOM!G359 -> 0.39719611 | H5: =+aCDOM!H359 -> 0.24034569 | I5: =+aCDOM!I359 -> 0.13981974 | ... L5: =+aCDOM!L359 -> 0.4118547 | U5: =+aCDOM!U359 -> 0.44869349 | V5: =+aCDOM!V359 -> 0.38721721 | W5: =+aCDOM!W359 -> 0.41620046 | X5: =+aCDOM!X359 -> 0.11701082 | Y5: =+aCDOM!Y359 -> 0.32497172 | Z5: =+aCDOM!Z359 -> 0.39778798 | AA5: =+aCDOM!AA359 -> 0.39017656 | AB5: =+aCDOM!AB359 -> 0.070170107 | ... AG5: =+aCDOM!AG359 -> 0.67820126
A6: aCDOM (443)-Modelado | B6: =+aCDOM!Q359 -> 0.37356042 | C6: =+aCDOM!R359 -> 0.40660386 | D6: =+aCDOM!S359 -> 0.41244888 | E6: =+aCDOM!T359 -> 0.39171036 | F6: =+aCDOM!U359 -> 0.44869349 | G6: =+aCDOM!V359 -> 0.38721721 | H6: =+aCDOM!W359 -> 0.41620046 | I6: =+aCDOM!X359 -> 0.11701082 | ... L6: =+aCDOM!AA359 -> 0.39017656 | U6: =+aCDOM!AJ359 -> 0 | V6: =+aCDOM!AK359 -> 0 | W6: =+aCDOM!AL359 -> 0 | X6: =+aCDOM!AM359 -> 0 | Y6: =+aCDOM!AN359 -> 0 | Z6: =+aCDOM!AO359 -> 0 | AA6: =+aCDOM!AP359 -> 0 | AB6: =+aCDOM!AQ359 -> 0 | ... AG6: =+aCDOM!AV359 -> 0
A7: TOTAL-CDOM | B7: =SUM(B3:B5) -> 1.0787784 | C7: =SUM(C3:C5) -> 0.70844881 | D7: =SUM(D3:D5) -> 1.7987572 | E7: =SUM(E3:E5) -> 21.578306 | F7: =SUM(F3:F5) -> 4.4683269 | G7: =SUM(G3:G5) -> 1.2564746 | H7: =SUM(H3:H5) -> 0.73245848 | I7: =SUM(I3:I5) -> 0.5856002 | ... L7: =SUM(L3:L5) -> 2.2772725 | U7: =SUM(U3:U5) -> 1.9369673 | V7: =SUM(V3:V5) -> 1.4314234 | W7: =SUM(W3:W5) -> 1.6139819 | X7: =SUM(X3:X5) -> 0.80254778 | Y7: =SUM(Y3:Y5) -> 1.1271529 | Z7: =SUM(Z3:Z5) -> 1.7238643 | AA7: =SUM(AA3:AA5) -> 1.4616604 | AB7: =SUM(AB3:AB5) -> 0.28796028 | ... AG7: =SUM(AG3:AG5) -> 3.363551
A8: TOTAL-CDOM Modelado | B8: =SUM(B3:B4,B6) -> 1.0198124 | C8: =SUM(C3:C4,C6) -> 0.67539845 | D8: =SUM(D3:D4,D6) -> 1.6089577 | E8: =SUM(E3:E4,E6) -> 21.026539 | F8: =SUM(F3:F4,F6) -> 4.1166956 | G8: =SUM(G3:G4,G6) -> 1.2464957 | H8: =SUM(H3:H4,H6) -> 0.90831326 | I8: =SUM(I3:I4,I6) -> 0.56279129 | ... L8: =SUM(L3:L4,L6) -> 2.2555944 | U8: =SUM(U3:U4,U6) -> 1.4882738 | V8: =SUM(V3:V4,V6) -> 1.0442062 | W8: =SUM(W3:W4,W6) -> 1.1977814 | X8: =SUM(X3:X4,X6) -> 0.68553696 | Y8: =SUM(Y3:Y4,Y6) -> 0.80218118 | Z8: =SUM(Z3:Z4,Z6) -> 1.3260763 | AA8: =SUM(AA3:AA4,AA6) -> 1.0714838 | AB8: =SUM(AB3:AB4,AB6) -> 0.21779017 | ... AG8: =SUM(AG3:AG4,AG6) -> 2.6853498
B10: =+B1 -> SC-21-0101 | C10: =+C1 -> SC-21-0104 | D10: =+D1 -> SC-21-0109 | E10: =+E1 -> SC-21-0113 | F10: =+F1 -> SC-21-0115 | G10: =+G1 -> SC-21-0119 | H10: =+H1 -> SC-21-0124 | I10: =+I1 -> SC-21-0128 | ... L10: =+L1 -> SC-21-0140 | U10: =+U1 -> SC-21-0163 | V10: =+V1 -> SC-21-0164 | W10: =+W1 -> SC-21-0165 | X10: =+X1 -> SC-21-0166 | Y10: =+Y1 -> SC-21-0167 | Z10: =+Z1 -> SC-21-0168 | AA10: =+AA1 -> SC-21-0169 | AB10: =+AB1 -> SC-21-0170 | ... AG10: =+AG1 -> SC-21-0231
A11: ad (443) | B11: =(B3*100)/B$7 -> 33.309662 | C11: =(C3*100)/C$7 -> 14.701894 | D11: =(D3*100)/D$7 -> 46.469443 | E11: =(E3*100)/E$7 -> 12.753943 | F11: =(F3*100)/F$7 -> 56.333986 | G11: =(G3*100)/G$7 -> 28.269867 | H11: =(H3*100)/H$7 -> 30.161324 | I11: =(I3*100)/I$7 -> 35.754507 | ... L11: =(L3*100)/L$7 -> 55.00387 | U11: =(U3*100)/U$7 -> 58.502639 | V11: =(V3*100)/V$7 -> 30.377509 | W11: =(W3*100)/W$7 -> 54.683071 | X11: =(X3*100)/X$7 -> 17.661663 | Y11: =(Y3*100)/Y$7 -> 32.857324 | Z11: =(Z3*100)/Z$7 -> 42.930669 | AA11: =(AA3*100)/AA$7 -> 29.450059 | AB11: =(AB3*100)/AB$7 -> 48.479953 | ... AG11: =(AG3*100)/AG$7 -> 3.6313949
A12: aphy (443) | B12: =(B4*100)/B$7 -> 26.596245 | C12: =(C4*100)/C$7 -> 23.239393 | D12: =(D4*100)/D$7 -> 20.0492 | E12: =(E4*100)/E$7 -> 82.873717 | F12: =(F4*100)/F$7 -> 25.754953 | G12: =(G4*100)/G$7 -> 40.118184 | H12: =(H4*100)/H$7 -> 37.025118 | I12: =(I4*100)/I$7 -> 40.36918 | ... L12: =(L4*100)/L$7 -> 26.910692 | U12: =(U4*100)/U$7 -> 18.332618 | V12: =(V4*100)/V$7 -> 42.57129 | W12: =(W4*100)/W$7 -> 19.529746 | X12: =(X4*100)/X$7 -> 67.758417 | Y12: =(Y4*100)/Y$7 -> 38.311474 | Z12: =(Z4*100)/Z$7 -> 33.993966 | AA12: =(AA4*100)/AA$7 -> 43.855877 | AB12: =(AB4*100)/AB$7 -> 27.152065 | ... AG12: =(AG4*100)/AG$7 -> 76.205353
A13: aCDOM (443) | B13: =(B5*100)/B$7 -> 40.094093 | C13: =(C5*100)/C$7 -> 62.058713 | D13: =(D5*100)/D$7 -> 33.481357 | E13: =(E5*100)/E$7 -> 4.3723401 | F13: =(F5*100)/F$7 -> 17.911061 | G13: =(G5*100)/G$7 -> 31.611949 | H13: =(H5*100)/H$7 -> 32.813558 | I13: =(I5*100)/I$7 -> 23.876313 | ... L13: =(L5*100)/L$7 -> 18.085438 | U13: =(U5*100)/U$7 -> 23.164743 | V13: =(V5*100)/V$7 -> 27.051201 | W13: =(W5*100)/W$7 -> 25.787183 | X13: =(X5*100)/X$7 -> 14.57992 | Y13: =(Y5*100)/Y$7 -> 28.831201 | Z13: =(Z5*100)/Z$7 -> 23.075365 | AA13: =(AA5*100)/AA$7 -> 26.694064 | AB13: =(AB5*100)/AB$7 -> 24.367981 | ... AG13: =(AG5*100)/AG$7 -> 20.163252
B14: =SUM(B11:B13) -> 100 | C14: =SUM(C11:C13) -> 100 | D14: =SUM(D11:D13) -> 100 | E14: =SUM(E11:E13) -> 100 | F14: =SUM(F11:F13) -> 100 | G14: =SUM(G11:G13) -> 100 | H14: =SUM(H11:H13) -> 100 | I14: =SUM(I11:I13) -> 100 | ... L14: =SUM(L11:L13) -> 100 | U14: =SUM(U11:U13) -> 100 | V14: =SUM(V11:V13) -> 100 | W14: =SUM(W11:W13) -> 100 | X14: =SUM(X11:X13) -> 100 | Y14: =SUM(Y11:Y13) -> 100 | Z14: =SUM(Z11:Z13) -> 100 | AA14: =SUM(AA11:AA13) -> 100 | AB14: =SUM(AB11:AB13) -> 100 | ... AG14: =SUM(AG11:AG13) -> 100
B15: =+B1 -> SC-21-0101 | C15: =+C1 -> SC-21-0104 | D15: =+D1 -> SC-21-0109 | E15: =+E1 -> SC-21-0113 | F15: =+F1 -> SC-21-0115 | G15: =+G1 -> SC-21-0119 | H15: =+H1 -> SC-21-0124 | I15: =+I1 -> SC-21-0128 | ... L15: =+L1 -> SC-21-0140 | U15: =+U1 -> SC-21-0163 | V15: =+V1 -> SC-21-0164 | W15: =+W1 -> SC-21-0165 | X15: =+X1 -> SC-21-0166 | Y15: =+Y1 -> SC-21-0167 | Z15: =+Z1 -> SC-21-0168 | AA15: =+AA1 -> SC-21-0169 | AB15: =+AB1 -> SC-21-0170 | ... AG15: =+AG1 -> SC-21-0231
A16: ad (443) | B16: =(B3*100)/B$8 -> 35.235642 | C16: =(C3*100)/C$8 -> 15.421325 | D16: =(D3*100)/D$8 -> 51.951175 | E16: =(E3*100)/E$8 -> 13.088625 | F16: =(F3*100)/F$8 -> 61.145804 | G16: =(G3*100)/G$8 -> 28.496183 | H16: =(H3*100)/H$8 -> 24.321915 | I16: =(I3*100)/I$8 -> 37.203573 | ... L16: =(L3*100)/L$8 -> 55.532503 | U16: =(U3*100)/U$8 -> 76.140357 | V16: =(V3*100)/V$8 -> 41.642233 | W16: =(W3*100)/W$8 -> 73.684134 | X16: =(X3*100)/X$8 -> 20.676242 | Y16: =(Y3*100)/Y$8 -> 46.168159 | Z16: =(Z3*100)/Z$8 -> 55.80874 | AA16: =(AA3*100)/AA$8 -> 40.17418 | AB16: =(AB3*100)/AB$8 -> 64.099774 | ... AG16: =(AG3*100)/AG$8 -> 4.5485256
A17: aphy (443) | B17: =(B4*100)/B$8 -> 28.134052 | C17: =(C4*100)/C$8 -> 24.376603 | D17: =(D4*100)/D$8 -> 22.414288 | E17: =(E4*100)/E$8 -> 85.048442 | F17: =(F4*100)/F$8 -> 27.954835 | G17: =(G4*100)/G$8 -> 40.439353 | H17: =(H4*100)/H$8 -> 29.856838 | I17: =(I4*100)/I$8 -> 42.00527 | ... L17: =(L4*100)/L$8 -> 27.169326 | U17: =(U4*100)/U$8 -> 23.859643 | V17: =(V4*100)/V$8 -> 58.357767 | W17: =(W4*100)/W$8 -> 26.315866 | X17: =(X4*100)/X$8 -> 79.323758 | Y17: =(Y4*100)/Y$8 -> 53.831841 | Z17: =(Z4*100)/Z$8 -> 44.19126 | AA17: =(AA4*100)/AA$8 -> 59.82582 | AB17: =(AB4*100)/AB$8 -> 35.900226 | ... AG17: =(AG4*100)/AG$8 -> 95.451474
A18: =+A6 -> aCDOM (443)-Modelado | B18: =(B6*100)/B$8 -> 36.630306 | C18: =(C6*100)/C$8 -> 60.202072 | D18: =(D6*100)/D$8 -> 25.634537 | E18: =(E6*100)/E$8 -> 1.8629331 | F18: =(F6*100)/F$8 -> 10.89936 | G18: =(G6*100)/G$8 -> 31.064465 | H18: =(H6*100)/H$8 -> 45.821247 | I18: =(I6*100)/I$8 -> 20.791158 | ... L18: =(L6*100)/L$8 -> 17.298171 | U18: =(U6*100)/U$8 -> 0 | V18: =(V6*100)/V$8 -> 0 | W18: =(W6*100)/W$8 -> 0 | X18: =(X6*100)/X$8 -> 0 | Y18: =(Y6*100)/Y$8 -> 0 | Z18: =(Z6*100)/Z$8 -> 0 | AA18: =(AA6*100)/AA$8 -> 0 | AB18: =(AB6*100)/AB$8 -> 0 | ... AG18: =(AG6*100)/AG$8 -> 0
B19: =SUM(B16:B18) -> 100 | C19: =SUM(C16:C18) -> 100 | D19: =SUM(D16:D18) -> 100 | E19: =SUM(E16:E18) -> 100 | F19: =SUM(F16:F18) -> 100 | G19: =SUM(G16:G18) -> 100 | H19: =SUM(H16:H18) -> 100 | I19: =SUM(I16:I18) -> 100 | ... L19: =SUM(L16:L18) -> 100 | U19: =SUM(U16:U18) -> 100 | V19: =SUM(V16:V18) -> 100 | W19: =SUM(W16:W18) -> 100 | X19: =SUM(X16:X18) -> 100 | Y19: =SUM(Y16:Y18) -> 100 | Z19: =SUM(Z16:Z18) -> 100 | AA19: =SUM(AA16:AA18) -> 100 | AB19: =SUM(AB16:AB18) -> 100 | ... AG19: =SUM(AG16:AG18) -> 100

Sheet aphy-Especifico
A1: Wavelength (nm) | B1: =+'ax(443)'!B1 -> SC-21-0101 | C1: =+'ax(443)'!C1 -> SC-21-0104 | D1: =+'ax(443)'!D1 -> SC-21-0109 | E1: =+'ax(443)'!E1 -> SC-21-0113 | F1: =+'ax(443)'!F1 -> SC-21-0115 | G1: =+'ax(443)'!G1 -> SC-21-0119 | H1: =+'ax(443)'!H1 -> SC-21-0124 | I1: =+'ax(443)'!I1 -> SC-21-0128 | ... AG1: =+'ax(443)'!AG1 -> SC-21-0231
A2: 800
A3: 799
A4: 798
A5: 797
A6: 796
A7: 795
A8: 794
A9: 793
A10: 792
A11: 791
A12: 790
A13: 789
... A51: 751
A52: 750 | B52: =aphy!B52/aphy!AQ$3 -> 0 | C52: =aphy!C52/aphy!AR$3 -> #DIV/0! | D52: =aphy!D52/aphy!AS$3 -> 0 | E52: =aphy!E52/aphy!AT$3 -> 0 | F52: =aphy!F52/aphy!AU$3 -> 0 | G52: =aphy!G52/aphy!AV$3 -> 0 | H52: =aphy!H52/aphy!AW$3 -> 0 | I52: =aphy!I52/aphy!AX$3 -> 0 | ... AG52: =aphy!AG52/aphy!BV$3 -> 0
A53: 749 | B53: =aphy!B53/aphy!AQ$3 -> 0.00046640309 | C53: =aphy!C53/aphy!AR$3 -> #DIV/0! | D53: =aphy!D53/aphy!AS$3 -> 0.0012999662 | E53: =aphy!E53/aphy!AT$3 -> 0.48481685 | F53: =aphy!F53/aphy!AU$3 -> 0.0038861635 | G53: =aphy!G53/aphy!AV$3 -> 0.00049170882 | H53: =aphy!H53/aphy!AW$3 -> 0.00050891065 | I53: =aphy!I53/aphy!AX$3 -> 0.0022417069 | ... AG53: =aphy!AG53/aphy!BV$3 -> 0.027409247
A54: 748 | B54: =aphy!B54/aphy!AQ$3 -> 0.00053298419 | C54: =aphy!C54/aphy!AR$3 -> #DIV/0! | D54: =aphy!D54/aphy!AS$3 -> 0.00042798324 | E54: =aphy!E54/aphy!AT$3 -> 0.40787108 | F54: =aphy!F54/aphy!AU$3 -> 0.0037979504 | G54: =aphy!G54/aphy!AV$3 -> 0.00051578498 | H54: =aphy!H54/aphy!AW$3 -> 0.00045403514 | I54: =aphy!I54/aphy!AX$3 -> 0.0021815184 | ... AG54: =aphy!AG54/aphy!BV$3 -> 0.030587346
A55: 747 | B55: =aphy!B55/aphy!AQ$3 -> 7.1231733e-05 | C55: =aphy!C55/aphy!AR$3 -> #DIV/0! | D55: =aphy!D55/aphy!AS$3 -> 0.00059693813 | E55: =aphy!E55/aphy!AT$3 -> 0.3748797 | F55: =aphy!F55/aphy!AU$3 -> 0.0034547068 | G55: =aphy!G55/aphy!AV$3 -> 0.00044251765 | H55: =aphy!H55/aphy!AW$3 -> 0.00012347633 | I55: =aphy!I55/aphy!AX$3 -> 0.0017582873 | ... AG55: =aphy!AG55/aphy!BV$3 -> 0.028127229
A56: 746 | B56: =aphy!B56/aphy!AQ$3 -> #NUM! | C56: =aphy!C56/aphy!AR$3 -> #DIV/0! | D56: =aphy!D56/aphy!AS$3 -> 0.00029297894 | E56: =aphy!E56/aphy!AT$3 -> 0.63034309 | F56: =aphy!F56/aphy!AU$3 -> 0.0038329911 | G56: =aphy!G56/aphy!AV$3 -> 0.00039054569 | H56: =aphy!H56/aphy!AW$3 -> 7.5040695e-06 | I56: =aphy!I56/aphy!AX$3 -> 0.0017909859 | ... AG56: =aphy!AG56/aphy!BV$3 -> 0.02906143
A57: 745 | B57: =aphy!B57/aphy!AQ$3 -> #NUM! | C57: =aphy!C57/aphy!AR$3 -> #DIV/0! | D57: =aphy!D57/aphy!AS$3 -> 0.00055707202 | E57: =aphy!E57/aphy!AT$3 -> 0.3369962 | F57: =aphy!F57/aphy!AU$3 -> 0.0035181349 | G57: =aphy!G57/aphy!AV$3 -> 0.00010086574 | H57: =aphy!H57/aphy!AW$3 -> 0.00010462432 | I57: =aphy!I57/aphy!AX$3 -> 0.0011319502 | ... AG57: =aphy!AG57/aphy!BV$3 -> 0.025826825
A58: 744 | B58: =aphy!B58/aphy!AQ$3 -> #NUM! | C58: =aphy!C58/aphy!AR$3 -> #DIV/0! | D58: =aphy!D58/aphy!AS$3 -> 0.00022197365 | E58: =aphy!E58/aphy!AT$3 -> 0.26898719 | F58: =aphy!F58/aphy!AU$3 -> 0.0010158183 | G58: =aphy!G58/aphy!AV$3 -> 7.0567932e-05 | H58: =aphy!H58/aphy!AW$3 -> 0.00014495011 | I58: =aphy!I58/aphy!AX$3 -> 0.0012575081 | ... AG58: =aphy!AG58/aphy!BV$3 -> 0.026855896
A59: 743 | B59: =aphy!B59/aphy!AQ$3 -> #NUM! | C59: =aphy!C59/aphy!AR$3 -> #DIV/0! | D59: =aphy!D59/aphy!AS$3 -> 0.00070482557 | E59: =aphy!E59/aphy!AT$3 -> 0.069816776 | F59: =aphy!F59/aphy!AU$3 -> 0.001755309 | G59: =aphy!G59/aphy!AV$3 -> 3.2922458e-05 | H59: =aphy!H59/aphy!AW$3 -> #NUM! | I59: =aphy!I59/aphy!AX$3 -> 2.7577612e-05 | ... AG59: =aphy!AG59/aphy!BV$3 -> 0.025063037
A60: 742 | B60: =aphy!B60/aphy!AQ$3 -> #NUM! | C60: =aphy!C60/aphy!AR$3 -> #DIV/0! | D60: =aphy!D60/aphy!AS$3 -> 0.00039930146 | E60: =aphy!E60/aphy!AT$3 -> 0.15428813 | F60: =aphy!F60/aphy!AU$3 -> 0.00014653142 | G60: =aphy!G60/aphy!AV$3 -> 0.00026527168 | H60: =aphy!H60/aphy!AW$3 -> #NUM! | I60: =aphy!I60/aphy!AX$3 -> -3.1169037e-05 | ... AG60: =aphy!AG60/aphy!BV$3 -> 0.02242237
A61: 741 | B61: =aphy!B61/aphy!AQ$3 -> #NUM! | C61: =aphy!C61/aphy!AR$3 -> #DIV/0! | D61: =aphy!D61/aphy!AS$3 -> 1.187246e-06 | E61: =aphy!E61/aphy!AT$3 -> 0.052231555 | F61: =aphy!F61/aphy!AU$3 -> 0.00058814632 | G61: =aphy!G61/aphy!AV$3 -> 0.0001875048 | H61: =aphy!H61/aphy!AW$3 -> #NUM! | I61: =aphy!I61/aphy!AX$3 -> 2.9492412e-05 | ... AG61: =aphy!AG61/aphy!BV$3 -> 0.027380253
A62: 740 | B62: =aphy!B62/aphy!AQ$3 -> #NUM! | C62: =aphy!C62/aphy!AR$3 -> #DIV/0! | D62: =aphy!D62/aphy!AS$3 -> 0.00019673107 | E62: =aphy!E62/aphy!AT$3 -> 0.018893702 | F62: =aphy!F62/aphy!AU$3 -> 0.00089039951 | G62: =aphy!G62/aphy!AV$3 -> 0.00021553852 | H62: =aphy!H62/aphy!AW$3 -> #NUM! | I62: =aphy!I62/aphy!AX$3 -> 2.1578254e-05 | ... AG62: =aphy!AG62/aphy!BV$3 -> 0.023657592
A63: 739 | B63: =aphy!B63/aphy!AQ$3 -> #NUM! | C63: =aphy!C63/aphy!AR$3 -> #NUM! | D63: =aphy!D63/aphy!AS$3 -> #NUM! | E63: =aphy!E63/aphy!AT$3 -> #NUM! | F63: =aphy!F63/aphy!AU$3 -> 0.0018394303 | G63: =aphy!G63/aphy!AV$3 -> -7.8144124e-05 | H63: =aphy!H63/aphy!AW$3 -> #NUM! | I63: =aphy!I63/aphy!AX$3 -> #NUM! | ... AG63: =aphy!AG63/aphy!BV$3 -> 0.019532673
... A402: 400 | B402: =aphy!B402/aphy!AQ$3 -> -0.0023511124 | C402: =aphy!C402/aphy!AR$3 -> #DIV/0! | D402: =aphy!D402/aphy!AS$3 -> -3.4689842 | E402: =aphy!E402/aphy!AT$3 -> 74.970528 | F402: =aphy!F402/aphy!AU$3 -> -12.821699 | G402: =aphy!G402/aphy!AV$3 -> 0.1120277 | H402: =aphy!H402/aphy!AW$3 -> 0.045452491 | I402: =aphy!I402/aphy!AX$3 -> 0.047646359 | ... AG402: =aphy!AG402/aphy!BV$3 -> 1.9693208

Sheet Varias longitudes de onda
C1: E01 | D1: E02 | E1: E03 | F1: E04 | G1: E05 | H1: E06 | I1: E11 | J1: E12 | K1: E13 | L1: E14 | M1: E08 | N1: E43 | O1: E41 | P1: E39 | Q1: E37 | R1: E35 | S1: E34 | T1: E33 | U1: E32 | V1: E27 | W1: E24 | X1: E25 | Y1: E27_5m | Z1: E28 | AA1: E29 | AB1: E31_sup | AC1: E31_10m | AD1: E31_5m | AE1: E30 | AF1: E07_sup | AG1: E09_sup | AH1: E10_sup
A2: aCDOM | B2: Wavelength (nm) | C2: SC-21-0101 | D2: SC-21-0104 | E2: SC-21-0109 | F2: SC-21-0113 | G2: SC-21-0115 | H2: SC-21-0119 | I2: SC-21-0124 | J2: SC-21-0128 | K2: SC-21-0132 | L2: SC-21-0136 | M2: SC-21-0140 | N2: SC-21-0148 | O2: SC-21-0152 | P2: SC-21-0154 | Q2: SC-21-0156 | R2: SC-21-0158 | S2: SC-21-0159 | T2: SC-21-0160 | U2: SC-21-0161 | V2: SC-21-0163 | W2: SC-21-0164 | X2: SC-21-0165 | Y2: SC-21-0166 | Z2: SC-21-0167 | AA2: SC-21-0168 | AB2: SC-21-0169 | AC2: SC-21-0170 | AD2: SC-21-0171 | AE2: SC-21-0172 | AF2: SC-21-225 | AG2: SC-21-228 | AH2: SC-21-231 | AL2: =+aCDOM!BR1 -> SC-21-0101 | AM2: =+aCDOM!BS1 -> SC-21-0104 | AN2: =+aCDOM!BT1 -> SC-21-0109 | AO2: =+aCDOM!BU1 -> SC-21-0113 | AP2: =+aCDOM!BV1 -> SC-21-0115 | AQ2: =+aCDOM!BW1 -> SC-21-0119 | AR2: =+aCDOM!BX1 -> SC-21-0124 | AS2: =+aCDOM!BY1 -> SC-21-0128 | ... BQ2: =+aCDOM!CW1 -> SC-21-0231
B3: aCDOM (715) [m-1] | C3: =+aCDOM!B87 -> -0.051750713 | D3: =+aCDOM!C87 -> -0.055619753 | E3: =+aCDOM!D87 -> -0.060297146 | F3: =+aCDOM!E87 -> -0.099768263 | G3: =+aCDOM!F87 -> -0.0847504 | H3: =+aCDOM!G87 -> -0.050511699 | I3: =+aCDOM!H87 -> -0.029367856 | J3: =+aCDOM!I87 -> -0.02685298 | ... AH3: =+aCDOM!AG87 -> -0.075370281 | AK3: aCDOM (715) [m-1] | AL3: =+aCDOM!BR87 -> 0.0036000824 | AM3: =+aCDOM!BS87 -> 0.0034688658 | AN3: =+aCDOM!BT87 -> 0.0048862992 | AO3: =+aCDOM!BU87 -> 0.0060126322 | AP3: =+aCDOM!BV87 -> 0.0059954695 | AQ3: =+aCDOM!BW87 -> 0.0032951832 | AR3: =+aCDOM!BX87 -> 0.0020060269 | AS3: =+aCDOM!BY87 -> 0.00091054215 | ... BQ3: =+aCDOM!CW87 -> 0.0049975805
B4: aCDOM (676) [m-1] | C4: =+aCDOM!B126 -> -0.033414227 | D4: =+aCDOM!C126 -> -0.035480018 | E4: =+aCDOM!D126 -> -0.049387835 | F4: =+aCDOM!E126 -> -0.073474912 | G4: =+aCDOM!F126 -> -0.068350737 | H4: =+aCDOM!G126 -> -0.030943108 | I4: =+aCDOM!H126 -> -0.016839536 | J4: =+aCDOM!I126 -> -0.010061807 | ... AH4: =+aCDOM!AG126 -> -0.055423998 | AK4: aCDOM (676) [m-1] | AL4: =+aCDOM!BR126 -> 0.0072021295 | AM4: =+aCDOM!BS126 -> 0.0069830632 | AN4: =+aCDOM!BT126 -> 0.0097905262 | AO4: =+aCDOM!BU126 -> 0.012467966 | AP4: =+aCDOM!BV126 -> 0.012159054 | AQ4: =+aCDOM!BW126 -> 0.0065895943 | AR4: =+aCDOM!BX126 -> 0.004006893 | AS4: =+aCDOM!BY126 -> 0.0018844479 | ... BQ4: =+aCDOM!CW126 -> 0.010166967
B5: aCDOM (650) [m-1] | C5: =+aCDOM!B152 -> -0.024374952 | D5: =+aCDOM!C152 -> -0.027573819 | E5: =+aCDOM!D152 -> -0.035164507 | F5: =+aCDOM!E152 -> -0.059576307 | G5: =+aCDOM!F152 -> -0.055707267 | H5: =+aCDOM!G152 -> -0.024545374 | I5: =+aCDOM!H152 -> -0.013631457 | J5: =+aCDOM!I152 -> -0.0122059 | ... AH5: =+aCDOM!AG152 -> -0.042983192 | AK5: aCDOM (650) [m-1] | AL5: =+aCDOM!BR152 -> 0.011434747 | AM5: =+aCDOM!BS152 -> 0.011133156 | AN5: =+aCDOM!BT152 -> 0.015560493 | AO5: =+aCDOM!BU152 -> 0.020274473 | AP5: =+aCDOM!BV152 -> 0.019481282 | AQ5: =+aCDOM!BW152 -> 0.010459512 | AR5: =+aCDOM!BX152 -> 0.0063550903 | AS5: =+aCDOM!BY152 -> 0.0030603672 | ... BQ5: =+aCDOM!CW152 -> 0.016323469
B6: aCDOM (630) [m-1] | C6: =+aCDOM!B172 -> -0.013831818 | D6: =+aCDOM!C172 -> -0.015441615 | E6: =+aCDOM!D172 -> -0.021825531 | F6: =+aCDOM!E172 -> -0.040053776 | G6: =+aCDOM!F172 -> -0.039296089 | H6: =+aCDOM!G172 -> -0.017141229 | I6: =+aCDOM!H172 -> -0.005863438 | J6: =+aCDOM!I172 -> -0.004486244 | ... AH6: =+aCDOM!AG172 -> -0.030894745 | AK6: aCDOM (630) [m-1] | AL6: =+aCDOM!BR172 -> 0.016317803 | AM6: =+aCDOM!BS172 -> 0.015938342 | AN6: =+aCDOM!BT172 -> 0.022223165 | AO6: =+aCDOM!BU172 -> 0.0294697 | AP6: =+aCDOM!BV172 -> 0.027995789 | AQ6: =+aCDOM!BW172 -> 0.014923121 | AR6: =+aCDOM!BX172 -> 0.0090616944 | AS6: =+aCDOM!BY172 -> 0.0044439113 | ... BQ6: =+aCDOM!CW172 -> 0.023495382
B7: aCDOM (555) [m-1] | C7: =+aCDOM!B247 -> 0.055523027 | D7: =+aCDOM!C247 -> 0.04794846 | E7: =+aCDOM!D247 -> 0.067726624 | F7: =+aCDOM!E247 -> 0.10193999 | G7: =+aCDOM!F247 -> 0.084425677 | H7: =+aCDOM!G247 -> 0.042347564 | I7: =+aCDOM!H247 -> 0.025671541 | J7: =+aCDOM!I247 -> 0.011047491 | ... AH7: =+aCDOM!AG247 -> 0.074575746 | AK7: aCDOM (555) [m-1] | AL7: =+aCDOM!BR247 -> 0.061914645 | AM7: =+aCDOM!BS247 -> 0.061204926 | AN7: =+aCDOM!BT247 -> 0.084574703 | AO7: =+aCDOM!BU247 -> 0.11980466 | AP7: =+aCDOM!BV247 -> 0.10904974 | AQ7: =+aCDOM!BW247 -> 0.056580352 | AR7: =+aCDOM!BX247 -> 0.034279795 | AS7: =+aCDOM!BY247 -> 0.017998437 | ... BQ7: =+aCDOM!CW247 -> 0.092070436
B8: aCDOM (510) [m-1] | C8: =+aCDOM!B292 -> 0.12859031 | D8: =+aCDOM!C292 -> 0.13066992 | E8: =+aCDOM!D292 -> 0.1758686 | F8: =+aCDOM!E292 -> 0.28083473 | G8: =+aCDOM!F292 -> 0.22751337 | H8: =+aCDOM!G292 -> 0.11832584 | I8: =+aCDOM!H292 -> 0.070621495 | J8: =+aCDOM!I292 -> 0.033294471 | ... AH8: =+aCDOM!AG292 -> 0.20070645 | AK8: aCDOM (510) [m-1] | AL8: =+aCDOM!BR292 -> 0.13780736 | AM8: =+aCDOM!BS292 -> 0.13721207 | AN8: =+aCDOM!BT292 -> 0.18858243 | AO8: =+aCDOM!BU292 -> 0.27792815 | AP8: =+aCDOM!BV292 -> 0.24657201 | AQ8: =+aCDOM!BW292 -> 0.12587782 | AR8: =+aCDOM!BX292 -> 0.076161503 | AS8: =+aCDOM!BY292 -> 0.041659728 | ... BQ8: =+aCDOM!CW292 -> 0.20893097
B9: aCDOM (488) [m-1] | C9: =+aCDOM!B314 -> 0.19274498 | D9: =+aCDOM!C314 -> 0.19318715 | E9: =+aCDOM!D314 -> 0.26603795 | F9: =+aCDOM!E314 -> 0.43011749 | G9: =+aCDOM!F314 -> 0.35123514 | H9: =+aCDOM!G314 -> 0.17360935 | I9: =+aCDOM!H314 -> 0.10547279 | J9: =+aCDOM!I314 -> 0.057061431 | ... AH9: =+aCDOM!AG314 -> 0.3029228 | AK9: aCDOM (488) [m-1] | AL9: =+aCDOM!BR314 -> 0.20377506 | AM9: =+aCDOM!BS314 -> 0.20361026 | AN9: =+aCDOM!BT314 -> 0.27910141 | AO9: =+aCDOM!BU314 -> 0.41937379 | AP9: =+aCDOM!BV314 -> 0.36742312 | AQ9: =+aCDOM!BW314 -> 0.18609397 | AR9: =+aCDOM!BX314 -> 0.11252058 | AS9: =+aCDOM!BY314 -> 0.062792454 | ... BQ9: =+aCDOM!CW314 -> 0.31188168
B10: aCDOM (443) [m-1] | C10: =+aCDOM!B359 -> 0.43252643 | D10: =+aCDOM!C359 -> 0.43965421 | E10: =+aCDOM!D359 -> 0.60224832 | F10: =+aCDOM!E359 -> 0.94347692 | G10: =+aCDOM!F359 -> 0.80032474 | H10: =+aCDOM!G359 -> 0.39719611 | I10: =+aCDOM!H359 -> 0.24034569 | J10: =+aCDOM!I359 -> 0.13981974 | ... AH10: =+aCDOM!AG359 -> 0.67820126 | AK10: aCDOM (443) [m-1] | AL10: =+aCDOM!BR359 -> 0.45355509 | AM10: =+aCDOM!BS359 -> 0.45646301 | AN10: =+aCDOM!BT359 -> 0.62233293 | AO10: =+aCDOM!BU359 -> 0.97288183 | AP10: =+aCDOM!BV359 -> 0.83077923 | AQ10: =+aCDOM!BW359 -> 0.41401482 | AR10: =+aCDOM!BX359 -> 0.2499938 | AS10: =+aCDOM!BY359 -> 0.14534132 | ... BQ10: =+aCDOM!CW359 -> 0.70773795
B11: aCDOM (440) [m-1] | C11: =+aCDOM!B362 -> 0.45634406 | D11: =+aCDOM!C362 -> 0.46277864 | E11: =+aCDOM!D362 -> 0.63544606 | F11: =+aCDOM!E362 -> 0.99646204 | G11: =+aCDOM!F362 -> 0.84956288 | H11: =+aCDOM!G362 -> 0.42067059 | I11: =+aCDOM!H362 -> 0.25475556 | J11: =+aCDOM!I362 -> 0.14713406 | ... AH11: =+aCDOM!AG362 -> 0.72235668 | AK11: aCDOM (440) [m-1] | AL11: =+aCDOM!BR362 -> 0.47840456 | AM11: =+aCDOM!BS362 -> 0.48170297 | AN11: =+aCDOM!BT362 -> 0.65650821 | AO11: =+aCDOM!BU362 -> 1.0290205 | AP11: =+aCDOM!BV362 -> 0.87721674 | AQ11: =+aCDOM!BW362 -> 0.43668486 | AR11: =+aCDOM!BX362 -> 0.26365887 | AS11: =+aCDOM!BY362 -> 0.15370496 | ... BQ11: =+aCDOM!CW362 -> 0.74747727
B12: aCDOM (412) [m-1] | C12: =+aCDOM!B390 -> 0.77976126 | D12: =+aCDOM!C390 -> 0.78518021 | E12: =+aCDOM!D390 -> 1.0742528 | F12: =+aCDOM!E390 -> 1.6869682 | G12: =+aCDOM!F390 -> 1.4365377 | H12: =+aCDOM!G390 -> 0.71208069 | I12: =+aCDOM!H390 -> 0.43345454 | J12: =+aCDOM!I390 -> 0.262466 | ... AH12: =+aCDOM!AG390 -> 1.2193234 | AK12: aCDOM (412) [m-1] | AL12: =+aCDOM!BR390 -> 0.78705391 | AM12: =+aCDOM!BS390 -> 0.79603859 | AN12: =+aCDOM!BT390 -> 1.0812739 | AO12: =+aCDOM!BU390 -> 1.7370831 | AP12: =+aCDOM!BV390 -> 1.4573778 | AQ12: =+aCDOM!BW390 -> 0.71821702 | AR12: =+aCDOM!BX390 -> 0.43327651 | AS12: =+aCDOM!BY390 -> 0.25910539 | ... BQ12: =+aCDOM!CW390 -> 1.2446179
A13: ad | B13: Wavelength (nm) | C13: =+ap!B1 -> SC-21-0101 | D13: =+ap!C1 -> SC-21-0104 | E13: =+ap!D1 -> SC-21-0109 | F13: =+ap!E1 -> SC-21-0113 | G13: =+ap!F1 -> SC-21-0115 | H13: =+ap!G1 -> SC-21-0119 | I13: =+ap!H1 -> SC-21-0124 | J13: =+ap!I1 -> SC-21-0128 | ... AH13: =+ap!AG1 -> SC-21-0231
B14: ad (715) [m-1] | C14: =+ad!B87 -> 0.00061224909 | D14: =+ad!C87 -> 0.001022887 | E14: =+ad!D87 -> 9.2242637e-08 | F14: =+ad!E87 -> 0.017566471 | G14: =+ad!F87 -> 9.5742332e-09 | H14: =+ad!G87 -> 0.0029964243 | I14: =+ad!H87 -> 0.0022324214 | J14: =+ad!I87 -> 0.0014119104 | ... M14: =+ad!L87 -> 4.4740091e-06 | V14: =+ad!U87 -> 2.8293048e-07 | W14: =+ad!V87 -> 0.0030213769 | X14: =+ad!W87 -> 1.3183647e-07 | Y14: =+ad!X87 -> 0.0014992003 | Z14: =+ad!Y87 -> 0.0029170837 | AA14: =+ad!Z87 -> 0.0086771585 | AB14: =+ad!AA87 -> 0.0025390362 | AC14: =+ad!AB87 -> 8.0571868e-07 | ... AH14: =+ad!AG87 -> 0.0010160165
B15: ad (676) [m-1] | C15: =+ad!B126 -> 0.0024469807 | D15: =+ad!C126 -> 0.0033617259 | E15: =+ad!D126 -> 1.127884e-06 | F15: =+ad!E126 -> 0.060633611 | G15: =+ad!F126 -> 1.793474e-07 | H15: =+ad!G126 -> 0.010020705 | I15: =+ad!H126 -> 0.0073128147 | J15: =+ad!I126 -> 0.0048433205 | ... M15: =+ad!L126 -> 3.5895002e-05 | V15: =+ad!U126 -> 3.1277336e-06 | W15: =+ad!V126 -> 0.010329277 | X15: =+ad!W126 -> 1.5526625e-06 | Y15: =+ad!X126 -> 0.0048852162 | Z15: =+ad!Y126 -> 0.0098319012 | AA15: =+ad!Z126 -> 0.027939627 | AB15: =+ad!AA126 -> 0.0088421776 | AC15: =+ad!AB126 -> 6.109487e-06 | ... AH15: =+ad!AG126 -> 0.0034032282
B16: ad (650) [m-1] | C16: =+ad!B152 -> 0.0048757378 | D16: =+ad!C152 -> 0.0058045057 | E16: =+ad!D152 -> 5.2354912e-06 | F16: =+ad!E152 -> 0.10846716 | G16: =+ad!F152 -> 1.1413917e-06 | H16: =+ad!G152 -> 0.017520387 | I16: =+ad!H152 -> 0.012596886 | J16: =+ad!I152 -> 0.0086252972 | ... M16: =+ad!L152 -> 0.00012127653 | V16: =+ad!U152 -> 1.3462628e-05 | W16: =+ad!V152 -> 0.018349927 | X16: =+ad!W152 -> 7.0078595e-06 | Y16: =+ad!X152 -> 0.0083834652 | Z16: =+ad!Y152 -> 0.017287523 | AA16: =+ad!Z152 -> 0.047539083 | AB16: =+ad!AA152 -> 0.015920265 | AC16: =+ad!AB152 -> 1.9775054e-05 | ... AH16: =+ad!AG152 -> 0.0059571441
B17: ad (630) [m-1] | C17: =+ad!B172 -> 0.0078576027 | D17: =+ad!C172 -> 0.0083240482 | E17: =+ad!D172 -> 1.6777837e-05 | F17: =+ad!E172 -> 0.16007345 | G17: =+ad!F172 -> 4.6948449e-06 | H17: =+ad!G172 -> 0.025381116 | I17: =+ad!H172 -> 0.018030425 | J17: =+ad!I172 -> 0.012682638 | ... M17: =+ad!L172 -> 0.00030113666 | V17: =+ad!U172 -> 4.06199e-05 | W17: =+ad!V172 -> 0.026928055 | X17: =+ad!W172 -> 2.1960981e-05 | Y17: =+ad!X172 -> 0.011963121 | Z17: =+ad!Y172 -> 0.025158358 | AA17: =+ad!Z172 -> 0.06737259 | AB17: =+ad!AA172 -> 0.023618375 | AC17: =+ad!AB172 -> 4.7423777e-05 | ... AH17: =+ad!AG172 -> 0.0086379542
B18: ad (555) [m-1] | C18: =+ad!B247 -> 0.039151542 | D18: =+ad!C247 -> 0.025622067 | E18: =+ad!D247 -> 0.0012886025 | F18: =+ad!E247 -> 0.55424253 | G18: =+ad!F247 -> 0.00093304589 | H18: =+ad!G247 -> 0.081432557 | I18: =+ad!H247 -> 0.055068906 | J18: =+ad!I247 -> 0.043257893 | ... M18: =+ad!L247 -> 0.0086064572 | V18: =+ad!U247 -> 0.0024749526 | W18: =+ad!V247 -> 0.091096876 | X18: =+ad!W247 -> 0.0015479845 | Y18: =+ad!X247 -> 0.036086555 | Z18: =+ad!Y247 -> 0.082243778 | AA18: =+ad!Z247 -> 0.19760388 | AB18: =+ad!AA247 -> 0.083563325 | AC18: =+ad!AB247 -> 0.0011820521 | ... AH18: =+ad!AG247 -> 0.02782033
B19: ad (510) [m-1] | C19: =+ad!B292 -> 0.096543076 | D19: =+ad!C292 -> 0.046049243 | E19: =+ad!D292 -> 0.017377531 | F19: =+ad!E292 -> 1.0762313 | G19: =+ad!F292 -> 0.02230699 | H19: =+ad!G292 -> 0.15039588 | I19: =+ad!H292 -> 0.098468398 | J19: =+ad!I292 -> 0.083172074 | ... M19: =+ad!L292 -> 0.063699168 | V19: =+ad!U292 -> 0.029018274 | W19: =+ad!V292 -> 0.17421079 | X19: =+ad!W292 -> 0.019821121 | Y19: =+ad!X292 -> 0.064001955 | Z19: =+ad!Y292 -> 0.1537759 | AA19: =+ad!Z292 -> 0.34407553 | AB19: =+ad!AA292 -> 0.16458795 | AC19: =+ad!AB292 -> 0.008045747 | ... AH19: =+ad!AG292 -> 0.051510288
B20: ad (488) [m-1] | C20: =+ad!B314 -> 0.14903296 | D20: =+ad!C314 -> 0.060549075 | E20: =+ad!D314 -> 0.061992612 | F20: =+ad!E314 -> 1.471965 | G20: =+ad!F314 -> 0.10529026 | H20: =+ad!G314 -> 0.20051473 | I20: =+ad!H314 -> 0.12913742 | J20: =+ad!I314 -> 0.11318386 | ... M20: =+ad!L314 -> 0.16941592 | V20: =+ad!U314 -> 0.096672059 | W20: =+ad!V314 -> 0.23642355 | X20: =+ad!W314 -> 0.068940025 | Y20: =+ad!X314 -> 0.083587998 | Z20: =+ad!Y314 -> 0.20631069 | AA20: =+ad!Z314 -> 0.44517925 | AB20: =+ad!AA314 -> 0.22674203 | AC20: =+ad!AB314 -> 0.020537753 | ... AH20: =+ad!AG314 -> 0.068764041
B21: ad (443) [m-1] | C21: =+ad!B359 -> 0.35933746 | D21: =+ad!C359 -> 0.10415539 | E21: =+ad!D359 -> 0.83587245 | F21: =+ad!E359 -> 2.7520849 | G21: =+ad!F359 -> 2.5171866 | H21: =+ad!G359 -> 0.35520368 | I21: =+ad!H359 -> 0.22091917 | J21: =+ad!I359 -> 0.20937847 | ... M21: =+ad!L359 -> 1.252588 | V21: =+ad!U359 -> 1.133177 | W21: =+ad!V359 -> 0.43483077 | X21: =+ad!W359 -> 0.88257487 | Y21: =+ad!X359 -> 0.14174328 | Z21: =+ad!Y359 -> 0.37035228 | AA21: =+ad!Z359 -> 0.74006646 | AB21: =+ad!AA359 -> 0.43045984 | AC21: =+ad!AB359 -> 0.13960301 | ... AH21: =+ad!AG359 -> 0.12214382
B22: ad (440) [m-1] | C22: =+ad!B362 -> 0.38095116 | D22: =+ad!C362 -> 0.10792015 | E22: =+ad!D362 -> 0.99416815 | F22: =+ad!E362 -> 2.8677871 | G22: =+ad!F362 -> 3.110407 | H22: =+ad!G362 -> 0.36878014 | I22: =+ad!H362 -> 0.22881847 | J22: =+ad!I362 -> 0.21802337 | ... M22: =+ad!L362 -> 1.4312973 | V22: =+ad!U362 -> 1.335254 | W22: =+ad!V362 -> 0.45260565 | X22: =+ad!W362 -> 1.0460923 | Y22: =+ad!X362 -> 0.14672345 | Z22: =+ad!Y362 -> 0.38485535 | AA22: =+ad!Z362 -> 0.7650322 | AB22: =+ad!AA362 -> 0.44902341 | AC22: =+ad!AB362 -> 0.15862859 | ... AH22: =+ad!AG362 -> 0.1268358
B23: ad (412) [m-1] | C23: =+ad!B390 -> 0.65639135 | D23: =+ad!C390 -> 0.14986643 | E23: =+ad!D390 -> 5.0170069 | F23: =+ad!E390 -> 4.2016989 | G23: =+ad!F390 -> 22.416476 | H23: =+ad!G390 -> 0.52189653 | I23: =+ad!H390 -> 0.31662908 | J23: =+ad!I390 -> 0.31726116 | ... M23: =+ad!L390 -> 4.9696617 | V23: =+ad!U390 -> 6.1760961 | W23: =+ad!V390 -> 0.65617022 | X23: =+ad!W390 -> 5.1114251 | Y23: =+ad!X390 -> 0.20188084 | Z23: =+ad!Y390 -> 0.5493151 | AA23: =+ad!Z390 -> 1.0392363 | AB23: =+ad!AA390 -> 0.66436207 | AC23: =+ad!AB390 -> 0.52269716 | ... AH23: =+ad!AG390 -> 0.17981148
A24: aphy | B24: Wavelength (nm) | C24: =+aphy!B1 -> SC-21-0101 | D24: =+aphy!C1 -> SC-21-0104 | E24: =+aphy!D1 -> SC-21-0109 | F24: =+aphy!E1 -> SC-21-0113 | G24: =+aphy!F1 -> SC-21-0115 | H24: =+aphy!G1 -> SC-21-0119 | I24: =+aphy!H1 -> SC-21-0124 | J24: =+aphy!I1 -> SC-21-0128 | ... AH24: =+aphy!AG1 -> SC-21-0231
B25: aph (715) [m-1] | C25: =+aphy!B87 -> #NUM! | D25: =+aphy!C87 -> -0.00014688938 | E25: =+aphy!D87 -> 0.0074475017 | F25: =+aphy!E87 -> 0.1801994 | G25: =+aphy!F87 -> 0.033516911 | H25: =+aphy!G87 -> 0.0011645592 | I25: =+aphy!H87 -> -0.001375914 | J25: =+aphy!I87 -> 0.00088569335 | ... M25: =+aphy!L87 -> 0.011296832 | V25: =+aphy!U87 -> 0.0083294398 | W25: =+aphy!V87 -> 0.0043669611 | X25: =+aphy!W87 -> 0.0014218629 | Y25: =+aphy!X87 -> 0.0069863922 | Z25: =+aphy!Y87 -> 0.0060448962 | AA25: =+aphy!Z87 -> -0.00215461 | AB25: =+aphy!AA87 -> 0.0056649008 | AC25: =+aphy!AB87 -> #NUM! | ... AH25: =+aphy!AG87 -> 0.063666718
B26: aph (676) [m-1] | C26: =+aphy!B126 -> 0.13703039 | D26: =+aphy!C126 -> 0.066531051 | E26: =+aphy!D126 -> 0.1177763 | F26: =+aphy!E126 -> 1.9434237 | G26: =+aphy!F126 -> 0.24073831 | H26: =+aphy!G126 -> 0.16219128 | I26: =+aphy!H126 -> 0.15799619 | J26: =+aphy!I126 -> 0.13111593 | ... M26: =+aphy!L126 -> 0.42335478 | V26: =+aphy!U126 -> 0.4089499 | W26: =+aphy!V126 -> 0.26924176 | X26: =+aphy!W126 -> 0.29204296 | Y26: =+aphy!X126 -> 0.1309525 | Z26: =+aphy!Y126 -> 0.22102986 | AA26: =+aphy!Z126 -> 0.49050868 | AB26: =+aphy!AA126 -> 0.24321253 | AC26: =+aphy!AB126 -> 0.039625293 | ... AH26: =+aphy!AG126 -> 0.28228957
B27: aph (650) [m-1] | C27: =+aphy!B152 -> 0.063240109 | D27: =+aphy!C152 -> 0.042415866 | E27: =+aphy!D152 -> 0.09541767 | F27: =+aphy!E152 -> 2.0663811 | G27: =+aphy!F152 -> 0.24841816 | H27: =+aphy!G152 -> 0.072069974 | I27: =+aphy!H152 -> 0.061846572 | J27: =+aphy!I152 -> 0.051208579 | ... M27: =+aphy!L152 -> 0.19515133 | V27: =+aphy!U152 -> 0.16514316 | W27: =+aphy!V152 -> 0.10369402 | X27: =+aphy!W152 -> 0.13080784 | Y27: =+aphy!X152 -> 0.089088574 | Z27: =+aphy!Y152 -> 0.089244092 | AA27: =+aphy!Z152 -> 0.15033296 | AB27: =+aphy!AA152 -> 0.11540071 | AC27: =+aphy!AB152 -> 0.027278453 | ... AH27: =+aphy!AG152 -> 0.25376469
B28: aph (630) [m-1] | C28: =+aphy!B172 -> 0.064310123 | D28: =+aphy!C172 -> 0.028269678 | E28: =+aphy!D172 -> 0.10792163 | F28: =+aphy!E172 -> 1.8622576 | G28: =+aphy!F172 -> 0.29665808 | H28: =+aphy!G172 -> 0.070499495 | I28: =+aphy!H172 -> 0.05493544 | J28: =+aphy!I172 -> 0.043356407 | ... M28: =+aphy!L172 -> 0.22465129 | V28: =+aphy!U172 -> 0.18733187 | W28: =+aphy!V172 -> 0.099932342 | X28: =+aphy!W172 -> 0.12830509 | Y28: =+aphy!X172 -> 0.091685994 | Z28: =+aphy!Y172 -> 0.071825124 | AA28: =+aphy!Z172 -> 0.12243982 | AB28: =+aphy!AA172 -> 0.10481981 | AC28: =+aphy!AB172 -> 0.019986779 | ... AH28: =+aphy!AG172 -> 0.2877159
B29: aph (555) [m-1] | C29: =+aphy!B247 -> 0.073115996 | D29: =+aphy!C247 -> 0.019076244 | E29: =+aphy!D247 -> 0.24632787 | F29: =+aphy!E247 -> 3.3850787 | G29: =+aphy!F247 -> 0.69381347 | H29: =+aphy!G247 -> 0.078227601 | I29: =+aphy!H247 -> 0.035426797 | J29: =+aphy!I247 -> 0.022843518 | ... M29: =+aphy!L247 -> 0.28298883 | V29: =+aphy!U247 -> 0.24613127 | W29: =+aphy!V247 -> 0.089929219 | X29: =+aphy!W247 -> 0.18966407 | Y29: =+aphy!X247 -> 0.1407106 | Z29: =+aphy!Y247 -> 0.050251044 | AA29: =+aphy!Z247 -> 0.03072246 | AB29: =+aphy!AA247 -> 0.084865349 | AC29: =+aphy!AB247 -> 0.023583543 | ... AH29: =+aphy!AG247 -> 0.53518648
B30: aph (510) [m-1] | C30: =+aphy!B292 -> 0.15502362 | D30: =+aphy!C292 -> 0.034992617 | E30: =+aphy!D292 -> 0.44938092 | F30: =+aphy!E292 -> 7.9576584 | G30: =+aphy!F292 -> 1.3712476 | H30: =+aphy!G292 -> 0.19167636 | I30: =+aphy!H292 -> 0.088095607 | J30: =+aphy!I292 -> 0.081444026 | ... M30: =+aphy!L292 -> 0.55632982 | V30: =+aphy!U292 -> 0.53062613 | W30: =+aphy!V292 -> 0.26922655 | X30: =+aphy!W292 -> 0.45870146 | Y30: =+aphy!X292 -> 0.21683612 | Z30: =+aphy!Y292 -> 0.164709 | AA30: =+aphy!Z292 -> 0.15684158 | AB30: =+aphy!AA292 -> 0.25931123 | AC30: =+aphy!AB292 -> 0.06970201 | ... AH30: =+aphy!AG292 -> 1.105071
B31: aph (488) [m-1] | C31: =+aphy!B314 -> 0.16359687 | D31: =+aphy!C314 -> 0.054661424 | E31: =+aphy!D314 -> 0.57408639 | F31: =+aphy!E314 -> 9.164929 | G31: =+aphy!F314 -> 1.9310259 | H31: =+aphy!G314 -> 0.23124878 | I31: =+aphy!H314 -> 0.11104296 | J31: =+aphy!I314 -> 0.088503158 | ... M31: =+aphy!L314 -> 0.64764845 | V31: =+aphy!U314 -> 0.64729539 | W31: =+aphy!V314 -> 0.31044052 | X31: =+aphy!W314 -> 0.53750124 | Y31: =+aphy!X314 -> 0.29432516 | Z31: =+aphy!Y314 -> 0.2074354 | AA31: =+aphy!Z314 -> 0.19115142 | AB31: =+aphy!AA314 -> 0.32163272 | AC31: =+aphy!AB314 -> 0.061904063 | ... AH31: =+aphy!AG314 -> 1.333089
B32: aph (443) [m-1] | C32: =+aphy!B359 -> 0.28691456 | D32: =+aphy!C359 -> 0.1646392 | E32: =+aphy!D359 -> 0.36063642 | F32: =+aphy!E359 -> 17.882744 | G32: =+aphy!F359 -> 1.1508155 | H32: =+aphy!G359 -> 0.50407478 | I32: =+aphy!H359 -> 0.27119362 | J32: =+aphy!I359 -> 0.236402 | ... M32: =+aphy!L359 -> 0.61282978 | V32: =+aphy!U359 -> 0.35509681 | W32: =+aphy!V359 -> 0.60937539 | X32: =+aphy!W359 -> 0.31520656 | Y32: =+aphy!X359 -> 0.54379367 | Z32: =+aphy!Y359 -> 0.43182889 | AA32: =+aphy!Z359 -> 0.58600982 | AB32: =+aphy!AA359 -> 0.64102399 | AC32: =+aphy!AB359 -> 0.078187163 | ... AH32: =+aphy!AG359 -> 2.5632059
B33: aph (440) [m-1] | C33: =+aphy!B362 -> 0.28711054 | D33: =+aphy!C362 -> 0.17160818 | E33: =+aphy!D362 -> 0.25849413 | F33: =+aphy!E362 -> 18.50163 | G33: =+aphy!F362 -> 1.0126077 | H33: =+aphy!G362 -> 0.50874468 | I33: =+aphy!H362 -> 0.30093088 | J33: =+aphy!I362 -> 0.26075771 | ... M33: =+aphy!L362 -> 0.63433255 | V33: =+aphy!U362 -> 0.27271516 | W33: =+aphy!V362 -> 0.62868013 | X33: =+aphy!W362 -> 0.20892219 | Y33: =+aphy!X362 -> 0.55668118 | Z33: =+aphy!Y362 -> 0.46604228 | AA33: =+aphy!Z362 -> 0.57903554 | AB33: =+aphy!AA362 -> 0.66842324 | AC33: =+aphy!AB362 -> 0.077568345 | ... AH33: =+aphy!AG362 -> 2.3572697
B34: aph (412) [m-1] | C34: =+aphy!B390 -> 0.068136651 | D34: =+aphy!C390 -> 0.13147495 | E34: =+aphy!D390 -> -3.0603991 | F34: =+aphy!E390 -> 23.758515 | G34: =+aphy!F390 -> -13.504879 | H34: =+aphy!G390 -> 0.39331145 | I34: =+aphy!H390 -> 0.2206635 | J34: =+aphy!I390 -> 0.1561845 | ... M34: =+aphy!L390 -> -2.5277338 | V34: =+aphy!U390 -> -4.2685306 | W34: =+aphy!V390 -> 0.53880144 | X34: =+aphy!W390 -> -3.6891194 | Y34: =+aphy!X390 -> 0.64114866 | Z34: =+aphy!Y390 -> 0.32991809 | AA34: =+aphy!Z390 -> 0.34259589 | AB34: =+aphy!AA390 -> 0.58357766 | AC34: =+aphy!AB390 -> -0.28387001 | ... AH34: =+aphy!AG390 -> 3.2028338
C36: E01 | D36: E02 | E36: E03 | F36: E04 | G36: E05 | H36: E06 | I36: E11 | J36: E12 | K36: E13 | L36: E14 | M36: E08 | N36: E43 | O36: E41 | P36: E39 | Q36: E37 | R36: E35 | S36: E34 | T36: E33 | U36: E32 | V36: E27 | W36: E24 | X36: E25 | Y36: E27_5m | Z36: E28 | AA36: E29 | AB36: E31_sup | AC36: E31_10m | AD36: E31_5m | AE36: E30 | AF36: E07_sup | AG36: E09_sup | AH36: E10_sup
A37: B/R | B37: 440-676 | C37: =C33/C26 -> 2.0952326 | D37: =D33/D26 -> 2.5793697 | E37: =E33/E26 -> 2.1947891 | F37: =F33/F26 -> 9.5201219 | G37: =G33/G26 -> 4.206259 | H37: =H33/H26 -> 3.1366957 | I37: =I33/I26 -> 1.9046717 | J37: =J33/J26 -> 1.9887569 | ... AH37: =AH33/AH26 -> 8.3505378
A38: B/R | B38: 443-676 | C38: =C32/C26 -> 2.0938024 | D38: =D32/D26 -> 2.474622 | E38: =E32/E26 -> 3.0620459 | F38: =F32/F26 -> 9.2016705 | G38: =G32/G26 -> 4.7803587 | H38: =H32/H26 -> 3.1079031 | I38: =I32/I26 -> 1.7164566 | J38: =J32/J26 -> 1.8029998 | ... AH38: =AH32/AH26 -> 9.0800591
A40: picofitoplancton | B40: >3.0 | C40: =COUNT(E38:H38,F37:H37,AG37:AH38,AF38,Y37:Y38) -> 14
A41: microfitoplancton | B41: <2.5 | C41: =COUNT(C37,C38,D38,E37,I37:J38,K38,L38,M38,M37,V37:X38,Z37:AA38,AC37:AE38) -> 28
A42: nanofitoplancton | B42: entre 2.5 y 3.0 | C42: =COUNT(D37,K37:L37,AB37:AB38,AF37) -> 6
